--- FAIL: TestNoTelemetry (18.50s)
    privacy_test.go:167: walk failed: open /Volumes/SSD/Developer/coimnet/runs/.tmp/bio-ownership-20261010/go-tmp/TestEpisodeCheckpointOmitsAnAbsentReplayPart2157565092: no such file or directory
FAIL
FAIL	github.com/TimLai666/coimnet	557.477s
ok  	github.com/TimLai666/coimnet/backend	6.205s
ok  	github.com/TimLai666/coimnet/backend/webgpu	16.358s
--- FAIL: TestBundleModelPackageRoundTrip (3.77s)
    bundle_kinds_test.go:23: publish bundle manifest: publish checkpoint without overwrite: link /Volumes/SSD/Developer/coimnet/runs/.tmp/bio-ownership-20261010/go-tmp/TestBundleModelPackageRoundTrip2890796004/001/model/.manifest.json.tmp-3443751122 /Volumes/SSD/Developer/coimnet/runs/.tmp/bio-ownership-20261010/go-tmp/TestBundleModelPackageRoundTrip2890796004/001/model/manifest.json: operation not supported
--- FAIL: TestBundleIndividualRoundTrip (17.62s)
    --- FAIL: TestBundleIndividualRoundTrip/continuous (6.68s)
        bundle_kinds_test.go:56: publish bundle manifest: publish checkpoint without overwrite: link /Volumes/SSD/Developer/coimnet/runs/.tmp/bio-ownership-20261010/go-tmp/TestBundleIndividualRoundTripcontinuous1877204742/001/individual/.manifest.json.tmp-363315995 /Volumes/SSD/Developer/coimnet/runs/.tmp/bio-ownership-20261010/go-tmp/TestBundleIndividualRoundTripcontinuous1877204742/001/individual/manifest.json: operation not supported
    --- FAIL: TestBundleIndividualRoundTrip/LIF (2.76s)
        bundle_kinds_test.go:56: publish bundle manifest: publish checkpoint without overwrite: link /Volumes/SSD/Developer/coimnet/runs/.tmp/bio-ownership-20261010/go-tmp/TestBundleIndividualRoundTripLIF3584536253/001/individual/.manifest.json.tmp-3805347071 /Volumes/SSD/Developer/coimnet/runs/.tmp/bio-ownership-20261010/go-tmp/TestBundleIndividualRoundTripLIF3584536253/001/individual/manifest.json: operation not supported
    --- FAIL: TestBundleIndividualRoundTrip/plasticity (4.01s)
        bundle_kinds_test.go:56: publish bundle manifest: publish checkpoint without overwrite: link /Volumes/SSD/Developer/coimnet/runs/.tmp/bio-ownership-20261010/go-tmp/TestBundleIndividualRoundTripplasticity2151620432/001/individual/.manifest.json.tmp-1885563456 /Volumes/SSD/Developer/coimnet/runs/.tmp/bio-ownership-20261010/go-tmp/TestBundleIndividualRoundTripplasticity2151620432/001/individual/manifest.json: operation not supported
    --- FAIL: TestBundleIndividualRoundTrip/chemistry (2.45s)
        bundle_kinds_test.go:56: publish bundle manifest: publish checkpoint without overwrite: link /Volumes/SSD/Developer/coimnet/runs/.tmp/bio-ownership-20261010/go-tmp/TestBundleIndividualRoundTripchemistry3531017644/001/individual/.manifest.json.tmp-1437564364 /Volumes/SSD/Developer/coimnet/runs/.tmp/bio-ownership-20261010/go-tmp/TestBundleIndividualRoundTripchemistry3531017644/001/individual/manifest.json: operation not supported
    --- FAIL: TestBundleIndividualRoundTrip/receptor_zero_gates_hebbian_rate (1.72s)
        bundle_kinds_test.go:96: publish bundle manifest: publish checkpoint without overwrite: link /Volumes/SSD/Developer/coimnet/runs/.tmp/bio-ownership-20261010/go-tmp/TestBundleIndividualRoundTripreceptor_zero_gates_hebbian_rate3909070804/001/individual/.manifest.json.tmp-2157535557 /Volumes/SSD/Developer/coimnet/runs/.tmp/bio-ownership-20261010/go-tmp/TestBundleIndividualRoundTripreceptor_zero_gates_hebbian_rate3909070804/001/individual/manifest.json: operation not supported
--- FAIL: TestBundleTrainingRoundTrip (3.14s)
    bundle_kinds_test.go:141: publish bundle manifest: publish checkpoint without overwrite: link /Volumes/SSD/Developer/coimnet/runs/.tmp/bio-ownership-20261010/go-tmp/TestBundleTrainingRoundTrip1958836344/001/training/.manifest.json.tmp-3213709143 /Volumes/SSD/Developer/coimnet/runs/.tmp/bio-ownership-20261010/go-tmp/TestBundleTrainingRoundTrip1958836344/001/training/manifest.json: operation not supported
--- FAIL: TestBundleKindsRefuseEachOther (1.33s)
    bundle_kinds_test.go:153: publish bundle manifest: publish checkpoint without overwrite: link /Volumes/SSD/Developer/coimnet/runs/.tmp/bio-ownership-20261010/go-tmp/TestBundleKindsRefuseEachOther3884811754/001/individual/.manifest.json.tmp-3260073402 /Volumes/SSD/Developer/coimnet/runs/.tmp/bio-ownership-20261010/go-tmp/TestBundleKindsRefuseEachOther3884811754/001/individual/manifest.json: operation not supported
--- FAIL: TestBundleReadManifestOnly (9.10s)
    --- FAIL: TestBundleReadManifestOnly/document_and_arrays_metadata (2.48s)
        bundle_kinds_test.go:181: publish bundle manifest: publish checkpoint without overwrite: link /Volumes/SSD/Developer/coimnet/runs/.tmp/bio-ownership-20261010/go-tmp/TestBundleReadManifestOnlydocument_and_arrays_metadata1036137167/001/individual/.manifest.json.tmp-2110131347 /Volumes/SSD/Developer/coimnet/runs/.tmp/bio-ownership-20261010/go-tmp/TestBundleReadManifestOnlydocument_and_arrays_metadata1036137167/001/individual/manifest.json: operation not supported
    --- FAIL: TestBundleReadManifestOnly/missing_arrays_file (5.03s)
        bundle_kinds_test.go:198: publish bundle manifest: publish checkpoint without overwrite: link /Volumes/SSD/Developer/coimnet/runs/.tmp/bio-ownership-20261010/go-tmp/TestBundleReadManifestOnlymissing_arrays_file1439732020/001/individual/.manifest.json.tmp-2902942575 /Volumes/SSD/Developer/coimnet/runs/.tmp/bio-ownership-20261010/go-tmp/TestBundleReadManifestOnlymissing_arrays_file1439732020/001/individual/manifest.json: operation not supported
    --- FAIL: TestBundleReadManifestOnly/missing_manifest (1.59s)
        bundle_kinds_test.go:207: publish bundle manifest: publish checkpoint without overwrite: link /Volumes/SSD/Developer/coimnet/runs/.tmp/bio-ownership-20261010/go-tmp/TestBundleReadManifestOnlymissing_manifest759245670/001/individual/.manifest.json.tmp-3959621101 /Volumes/SSD/Developer/coimnet/runs/.tmp/bio-ownership-20261010/go-tmp/TestBundleReadManifestOnlymissing_manifest759245670/001/individual/manifest.json: operation not supported
--- FAIL: TestBundleRejectsTamperedTopology (4.63s)
    --- FAIL: TestBundleRejectsTamperedTopology/individual (1.89s)
        bundle_kinds_test.go:221: publish bundle manifest: publish checkpoint without overwrite: link /Volumes/SSD/Developer/coimnet/runs/.tmp/bio-ownership-20261010/go-tmp/TestBundleRejectsTamperedTopologyindividual4276615737/001/individual/.manifest.json.tmp-857847926 /Volumes/SSD/Developer/coimnet/runs/.tmp/bio-ownership-20261010/go-tmp/TestBundleRejectsTamperedTopologyindividual4276615737/001/individual/manifest.json: operation not supported
    --- FAIL: TestBundleRejectsTamperedTopology/training (2.74s)
        bundle_kinds_test.go:253: publish bundle manifest: publish checkpoint without overwrite: link /Volumes/SSD/Developer/coimnet/runs/.tmp/bio-ownership-20261010/go-tmp/TestBundleRejectsTamperedTopologytraining2674581669/001/training/.manifest.json.tmp-2592008502 /Volumes/SSD/Developer/coimnet/runs/.tmp/bio-ownership-20261010/go-tmp/TestBundleRejectsTamperedTopologytraining2674581669/001/training/manifest.json: operation not supported
--- FAIL: TestBundleLargerThanSingleFileLimit (22.55s)
    bundle_kinds_test.go:314: publish bundle manifest: publish checkpoint without overwrite: link /Volumes/SSD/Developer/coimnet/runs/.tmp/bio-ownership-20261010/go-tmp/TestBundleLargerThanSingleFileLimit1635212380/001/large/.manifest.json.tmp-2600825251 /Volumes/SSD/Developer/coimnet/runs/.tmp/bio-ownership-20261010/go-tmp/TestBundleLargerThanSingleFileLimit1635212380/001/large/manifest.json: operation not supported
--- FAIL: TestBundleRoundTrip (3.40s)
    bundle_test.go:42: publish bundle manifest: publish checkpoint without overwrite: link /Volumes/SSD/Developer/coimnet/runs/.tmp/bio-ownership-20261010/go-tmp/TestBundleRoundTrip4103043104/001/snapshot/.manifest.json.tmp-1007194124 /Volumes/SSD/Developer/coimnet/runs/.tmp/bio-ownership-20261010/go-tmp/TestBundleRoundTrip4103043104/001/snapshot/manifest.json: operation not supported
--- FAIL: TestBundleKeepsPointersToZero (6.19s)
    bundle_test.go:81: publish bundle manifest: publish checkpoint without overwrite: link /Volumes/SSD/Developer/coimnet/runs/.tmp/bio-ownership-20261010/go-tmp/TestBundleKeepsPointersToZero2970915040/001/snapshot/.manifest.json.tmp-3445159026 /Volumes/SSD/Developer/coimnet/runs/.tmp/bio-ownership-20261010/go-tmp/TestBundleKeepsPointersToZero2970915040/001/snapshot/manifest.json: operation not supported
--- FAIL: TestBundleExtractsOnlyLargeArrays (4.49s)
    bundle_test.go:128: publish bundle manifest: publish checkpoint without overwrite: link /Volumes/SSD/Developer/coimnet/runs/.tmp/bio-ownership-20261010/go-tmp/TestBundleExtractsOnlyLargeArrays161392206/001/arrays/.manifest.json.tmp-964527377 /Volumes/SSD/Developer/coimnet/runs/.tmp/bio-ownership-20261010/go-tmp/TestBundleExtractsOnlyLargeArrays161392206/001/arrays/manifest.json: operation not supported
--- FAIL: TestBundleArrayPrimitiveKinds (3.22s)
    bundle_test.go:198: publish bundle manifest: publish checkpoint without overwrite: link /Volumes/SSD/Developer/coimnet/runs/.tmp/bio-ownership-20261010/go-tmp/TestBundleArrayPrimitiveKinds1466670339/001/primitive-arrays/.manifest.json.tmp-1644554746 /Volumes/SSD/Developer/coimnet/runs/.tmp/bio-ownership-20261010/go-tmp/TestBundleArrayPrimitiveKinds1466670339/001/primitive-arrays/manifest.json: operation not supported
--- FAIL: TestBundleIncompleteWithoutManifest (3.65s)
    bundle_test.go:294: publish bundle manifest: publish checkpoint without overwrite: link /Volumes/SSD/Developer/coimnet/runs/.tmp/bio-ownership-20261010/go-tmp/TestBundleIncompleteWithoutManifest3858573921/001/snapshot/.manifest.json.tmp-157042427 /Volumes/SSD/Developer/coimnet/runs/.tmp/bio-ownership-20261010/go-tmp/TestBundleIncompleteWithoutManifest3858573921/001/snapshot/manifest.json: operation not supported
--- FAIL: TestBundleDetectsTampering (47.20s)
    --- FAIL: TestBundleDetectsTampering/arrays_file_byte (5.86s)
        bundle_test.go:397: publish bundle manifest: publish checkpoint without overwrite: link /Volumes/SSD/Developer/coimnet/runs/.tmp/bio-ownership-20261010/go-tmp/TestBundleDetectsTamperingarrays_file_byte1925313111/001/snapshot/.manifest.json.tmp-3654995096 /Volumes/SSD/Developer/coimnet/runs/.tmp/bio-ownership-20261010/go-tmp/TestBundleDetectsTamperingarrays_file_byte1925313111/001/snapshot/manifest.json: operation not supported
    --- FAIL: TestBundleDetectsTampering/array_entry_byte (2.53s)
        bundle_test.go:397: publish bundle manifest: publish checkpoint without overwrite: link /Volumes/SSD/Developer/coimnet/runs/.tmp/bio-ownership-20261010/go-tmp/TestBundleDetectsTamperingarray_entry_byte1090483777/001/snapshot/.manifest.json.tmp-203418221 /Volumes/SSD/Developer/coimnet/runs/.tmp/bio-ownership-20261010/go-tmp/TestBundleDetectsTamperingarray_entry_byte1090483777/001/snapshot/manifest.json: operation not supported
    --- FAIL: TestBundleDetectsTampering/document_byte (4.39s)
        bundle_test.go:397: publish bundle manifest: publish checkpoint without overwrite: link /Volumes/SSD/Developer/coimnet/runs/.tmp/bio-ownership-20261010/go-tmp/TestBundleDetectsTamperingdocument_byte1559827054/001/snapshot/.manifest.json.tmp-1877175675 /Volumes/SSD/Developer/coimnet/runs/.tmp/bio-ownership-20261010/go-tmp/TestBundleDetectsTamperingdocument_byte1559827054/001/snapshot/manifest.json: operation not supported
    --- FAIL: TestBundleDetectsTampering/short_arrays_file (6.99s)
        bundle_test.go:397: publish bundle manifest: publish checkpoint without overwrite: link /Volumes/SSD/Developer/coimnet/runs/.tmp/bio-ownership-20261010/go-tmp/TestBundleDetectsTamperingshort_arrays_file714550247/001/snapshot/.manifest.json.tmp-3401753330 /Volumes/SSD/Developer/coimnet/runs/.tmp/bio-ownership-20261010/go-tmp/TestBundleDetectsTamperingshort_arrays_file714550247/001/snapshot/manifest.json: operation not supported
    --- FAIL: TestBundleDetectsTampering/unknown_manifest_field (3.05s)
        bundle_test.go:397: publish bundle manifest: publish checkpoint without overwrite: link /Volumes/SSD/Developer/coimnet/runs/.tmp/bio-ownership-20261010/go-tmp/TestBundleDetectsTamperingunknown_manifest_field3555547529/001/snapshot/.manifest.json.tmp-1209760768 /Volumes/SSD/Developer/coimnet/runs/.tmp/bio-ownership-20261010/go-tmp/TestBundleDetectsTamperingunknown_manifest_field3555547529/001/snapshot/manifest.json: operation not supported
    --- FAIL: TestBundleDetectsTampering/kind_mismatch (3.14s)
        bundle_test.go:397: publish bundle manifest: publish checkpoint without overwrite: link /Volumes/SSD/Developer/coimnet/runs/.tmp/bio-ownership-20261010/go-tmp/TestBundleDetectsTamperingkind_mismatch3412384495/001/snapshot/.manifest.json.tmp-2223563966 /Volumes/SSD/Developer/coimnet/runs/.tmp/bio-ownership-20261010/go-tmp/TestBundleDetectsTamperingkind_mismatch3412384495/001/snapshot/manifest.json: operation not supported
    --- FAIL: TestBundleDetectsTampering/schema_mismatch (6.91s)
        bundle_test.go:397: publish bundle manifest: publish checkpoint without overwrite: link /Volumes/SSD/Developer/coimnet/runs/.tmp/bio-ownership-20261010/go-tmp/TestBundleDetectsTamperingschema_mismatch2045892264/001/snapshot/.manifest.json.tmp-3530074461 /Volumes/SSD/Developer/coimnet/runs/.tmp/bio-ownership-20261010/go-tmp/TestBundleDetectsTamperingschema_mismatch2045892264/001/snapshot/manifest.json: operation not supported
    --- FAIL: TestBundleDetectsTampering/document_name_traversal (2.94s)
        bundle_test.go:397: publish bundle manifest: publish checkpoint without overwrite: link /Volumes/SSD/Developer/coimnet/runs/.tmp/bio-ownership-20261010/go-tmp/TestBundleDetectsTamperingdocument_name_traversal977793093/001/snapshot/.manifest.json.tmp-385983933 /Volumes/SSD/Developer/coimnet/runs/.tmp/bio-ownership-20261010/go-tmp/TestBundleDetectsTamperingdocument_name_traversal977793093/001/snapshot/manifest.json: operation not supported
    --- FAIL: TestBundleDetectsTampering/discontinuous_offset (2.14s)
        bundle_test.go:397: publish bundle manifest: publish checkpoint without overwrite: link /Volumes/SSD/Developer/coimnet/runs/.tmp/bio-ownership-20261010/go-tmp/TestBundleDetectsTamperingdiscontinuous_offset1329230309/001/snapshot/.manifest.json.tmp-651527408 /Volumes/SSD/Developer/coimnet/runs/.tmp/bio-ownership-20261010/go-tmp/TestBundleDetectsTamperingdiscontinuous_offset1329230309/001/snapshot/manifest.json: operation not supported
    --- FAIL: TestBundleDetectsTampering/unknown_dtype (2.69s)
        bundle_test.go:397: publish bundle manifest: publish checkpoint without overwrite: link /Volumes/SSD/Developer/coimnet/runs/.tmp/bio-ownership-20261010/go-tmp/TestBundleDetectsTamperingunknown_dtype3569726122/001/snapshot/.manifest.json.tmp-4024607971 /Volumes/SSD/Developer/coimnet/runs/.tmp/bio-ownership-20261010/go-tmp/TestBundleDetectsTamperingunknown_dtype3569726122/001/snapshot/manifest.json: operation not supported
    --- FAIL: TestBundleDetectsTampering/duplicate_path (5.15s)
        bundle_test.go:397: publish bundle manifest: publish checkpoint without overwrite: link /Volumes/SSD/Developer/coimnet/runs/.tmp/bio-ownership-20261010/go-tmp/TestBundleDetectsTamperingduplicate_path3359692220/001/snapshot/.manifest.json.tmp-3022538776 /Volumes/SSD/Developer/coimnet/runs/.tmp/bio-ownership-20261010/go-tmp/TestBundleDetectsTamperingduplicate_path3359692220/001/snapshot/manifest.json: operation not supported
    --- FAIL: TestBundleDetectsTampering/missing_path (1.40s)
        bundle_test.go:397: publish bundle manifest: publish checkpoint without overwrite: link /Volumes/SSD/Developer/coimnet/runs/.tmp/bio-ownership-20261010/go-tmp/TestBundleDetectsTamperingmissing_path2841863518/001/snapshot/.manifest.json.tmp-7491982 /Volumes/SSD/Developer/coimnet/runs/.tmp/bio-ownership-20261010/go-tmp/TestBundleDetectsTamperingmissing_path2841863518/001/snapshot/manifest.json: operation not supported
--- FAIL: TestSaveLoadRoundTripAndAliasIsolation (3.17s)
    checkpoint_test.go:63: publish checkpoint without overwrite: link /Volumes/SSD/Developer/coimnet/runs/.tmp/bio-ownership-20261010/go-tmp/TestSaveLoadRoundTripAndAliasIsolation2088660117/001/.episode.json.tmp-2678542816 /Volumes/SSD/Developer/coimnet/runs/.tmp/bio-ownership-20261010/go-tmp/TestSaveLoadRoundTripAndAliasIsolation2088660117/001/episode.json: operation not supported
--- FAIL: TestSaveDoesNotOverwrite (1.77s)
    checkpoint_test.go:92: publish checkpoint without overwrite: link /Volumes/SSD/Developer/coimnet/runs/.tmp/bio-ownership-20261010/go-tmp/TestSaveDoesNotOverwrite3022241360/001/.episode.json.tmp-1790876099 /Volumes/SSD/Developer/coimnet/runs/.tmp/bio-ownership-20261010/go-tmp/TestSaveDoesNotOverwrite3022241360/001/episode.json: operation not supported
--- FAIL: TestConcurrentSavesHaveOneWinner (0.71s)
    checkpoint_test.go:134: concurrent saves had 0 successful publishers, want 1
--- FAIL: TestCanceledAfterPublicationLeavesLoadableCheckpoint (1.89s)
    checkpoint_test.go:266: Save error = publish checkpoint without overwrite: link /Volumes/SSD/Developer/coimnet/runs/.tmp/bio-ownership-20261010/go-tmp/TestCanceledAfterPublicationLeavesLoadableCheckpoint1870244775/001/.published.json.tmp-2107820301 /Volumes/SSD/Developer/coimnet/runs/.tmp/bio-ownership-20261010/go-tmp/TestCanceledAfterPublicationLeavesLoadableCheckpoint1870244775/001/published.json: operation not supported, want context.Canceled
--- FAIL: TestLoadChecksContextAfterValidation (1.08s)
    checkpoint_test.go:280: publish checkpoint without overwrite: link /Volumes/SSD/Developer/coimnet/runs/.tmp/bio-ownership-20261010/go-tmp/TestLoadChecksContextAfterValidation3910660835/001/.valid.json.tmp-345878700 /Volumes/SSD/Developer/coimnet/runs/.tmp/bio-ownership-20261010/go-tmp/TestLoadChecksContextAfterValidation3910660835/001/valid.json: operation not supported
--- FAIL: TestSubprocessResumeMatchesUninterruptedTraining (3.21s)
    checkpoint_test.go:311: publish checkpoint without overwrite: link /Volumes/SSD/Developer/coimnet/runs/.tmp/bio-ownership-20261010/go-tmp/TestSubprocessResumeMatchesUninterruptedTraining2594525748/001/.midpoint.json.tmp-3413436674 /Volumes/SSD/Developer/coimnet/runs/.tmp/bio-ownership-20261010/go-tmp/TestSubprocessResumeMatchesUninterruptedTraining2594525748/001/midpoint.json: operation not supported
--- FAIL: TestEpisodeLoadRejectsMissingOrNullRequiredScalars (29.91s)
    --- FAIL: TestEpisodeLoadRejectsMissingOrNullRequiredScalars/missing_data_seed (3.01s)
        episode_required_test.go:107: publish checkpoint without overwrite: link /Volumes/SSD/Developer/coimnet/runs/.tmp/bio-ownership-20261010/go-tmp/TestEpisodeLoadRejectsMissingOrNullRequiredScalarsmissing_data_3881269474/001/.valid.json.tmp-3444651589 /Volumes/SSD/Developer/coimnet/runs/.tmp/bio-ownership-20261010/go-tmp/TestEpisodeLoadRejectsMissingOrNullRequiredScalarsmissing_data_3881269474/001/valid.json: operation not supported
    --- FAIL: TestEpisodeLoadRejectsMissingOrNullRequiredScalars/null_data_seed (0.67s)
        episode_required_test.go:107: publish checkpoint without overwrite: link /Volumes/SSD/Developer/coimnet/runs/.tmp/bio-ownership-20261010/go-tmp/TestEpisodeLoadRejectsMissingOrNullRequiredScalarsnull_data_see1256059443/001/.valid.json.tmp-296228234 /Volumes/SSD/Developer/coimnet/runs/.tmp/bio-ownership-20261010/go-tmp/TestEpisodeLoadRejectsMissingOrNullRequiredScalarsnull_data_see1256059443/001/valid.json: operation not supported
    --- FAIL: TestEpisodeLoadRejectsMissingOrNullRequiredScalars/missing_next_sample (0.72s)
        episode_required_test.go:107: publish checkpoint without overwrite: link /Volumes/SSD/Developer/coimnet/runs/.tmp/bio-ownership-20261010/go-tmp/TestEpisodeLoadRejectsMissingOrNullRequiredScalarsmissing_next_69225245/001/.valid.json.tmp-4179360163 /Volumes/SSD/Developer/coimnet/runs/.tmp/bio-ownership-20261010/go-tmp/TestEpisodeLoadRejectsMissingOrNullRequiredScalarsmissing_next_69225245/001/valid.json: operation not supported
    --- FAIL: TestEpisodeLoadRejectsMissingOrNullRequiredScalars/null_next_sample (0.84s)
        episode_required_test.go:107: publish checkpoint without overwrite: link /Volumes/SSD/Developer/coimnet/runs/.tmp/bio-ownership-20261010/go-tmp/TestEpisodeLoadRejectsMissingOrNullRequiredScalarsnull_next_sam816452422/001/.valid.json.tmp-1782936306 /Volumes/SSD/Developer/coimnet/runs/.tmp/bio-ownership-20261010/go-tmp/TestEpisodeLoadRejectsMissingOrNullRequiredScalarsnull_next_sam816452422/001/valid.json: operation not supported
    --- FAIL: TestEpisodeLoadRejectsMissingOrNullRequiredScalars/null_generator (1.14s)
        episode_required_test.go:107: publish checkpoint without overwrite: link /Volumes/SSD/Developer/coimnet/runs/.tmp/bio-ownership-20261010/go-tmp/TestEpisodeLoadRejectsMissingOrNullRequiredScalarsnull_generato2022747701/001/.valid.json.tmp-274935710 /Volumes/SSD/Developer/coimnet/runs/.tmp/bio-ownership-20261010/go-tmp/TestEpisodeLoadRejectsMissingOrNullRequiredScalarsnull_generato2022747701/001/valid.json: operation not supported
    --- FAIL: TestEpisodeLoadRejectsMissingOrNullRequiredScalars/missing_training (1.06s)
        episode_required_test.go:107: publish checkpoint without overwrite: link /Volumes/SSD/Developer/coimnet/runs/.tmp/bio-ownership-20261010/go-tmp/TestEpisodeLoadRejectsMissingOrNullRequiredScalarsmissing_train124532166/001/.valid.json.tmp-948963260 /Volumes/SSD/Developer/coimnet/runs/.tmp/bio-ownership-20261010/go-tmp/TestEpisodeLoadRejectsMissingOrNullRequiredScalarsmissing_train124532166/001/valid.json: operation not supported
    --- FAIL: TestEpisodeLoadRejectsMissingOrNullRequiredScalars/null_training (1.40s)
        episode_required_test.go:107: publish checkpoint without overwrite: link /Volumes/SSD/Developer/coimnet/runs/.tmp/bio-ownership-20261010/go-tmp/TestEpisodeLoadRejectsMissingOrNullRequiredScalarsnull_training525442306/001/.valid.json.tmp-361798033 /Volumes/SSD/Developer/coimnet/runs/.tmp/bio-ownership-20261010/go-tmp/TestEpisodeLoadRejectsMissingOrNullRequiredScalarsnull_training525442306/001/valid.json: operation not supported
    --- FAIL: TestEpisodeLoadRejectsMissingOrNullRequiredScalars/missing_training.updates (1.92s)
        episode_required_test.go:107: publish checkpoint without overwrite: link /Volumes/SSD/Developer/coimnet/runs/.tmp/bio-ownership-20261010/go-tmp/TestEpisodeLoadRejectsMissingOrNullRequiredScalarsmissing_train3021538599/001/.valid.json.tmp-832274796 /Volumes/SSD/Developer/coimnet/runs/.tmp/bio-ownership-20261010/go-tmp/TestEpisodeLoadRejectsMissingOrNullRequiredScalarsmissing_train3021538599/001/valid.json: operation not supported
    --- FAIL: TestEpisodeLoadRejectsMissingOrNullRequiredScalars/null_training.updates (2.38s)
        episode_required_test.go:107: publish checkpoint without overwrite: link /Volumes/SSD/Developer/coimnet/runs/.tmp/bio-ownership-20261010/go-tmp/TestEpisodeLoadRejectsMissingOrNullRequiredScalarsnull_training3630629660/001/.valid.json.tmp-1639991802 /Volumes/SSD/Developer/coimnet/runs/.tmp/bio-ownership-20261010/go-tmp/TestEpisodeLoadRejectsMissingOrNullRequiredScalarsnull_training3630629660/001/valid.json: operation not supported
    --- FAIL: TestEpisodeLoadRejectsMissingOrNullRequiredScalars/missing_options.weight_decay (0.52s)
        episode_required_test.go:107: publish checkpoint without overwrite: link /Volumes/SSD/Developer/coimnet/runs/.tmp/bio-ownership-20261010/go-tmp/TestEpisodeLoadRejectsMissingOrNullRequiredScalarsmissing_optio2677732790/001/.valid.json.tmp-4055401472 /Volumes/SSD/Developer/coimnet/runs/.tmp/bio-ownership-20261010/go-tmp/TestEpisodeLoadRejectsMissingOrNullRequiredScalarsmissing_optio2677732790/001/valid.json: operation not supported
    --- FAIL: TestEpisodeLoadRejectsMissingOrNullRequiredScalars/null_options.weight_decay (0.71s)
        episode_required_test.go:107: publish checkpoint without overwrite: link /Volumes/SSD/Developer/coimnet/runs/.tmp/bio-ownership-20261010/go-tmp/TestEpisodeLoadRejectsMissingOrNullRequiredScalarsnull_options.1759432963/001/.valid.json.tmp-339138747 /Volumes/SSD/Developer/coimnet/runs/.tmp/bio-ownership-20261010/go-tmp/TestEpisodeLoadRejectsMissingOrNullRequiredScalarsnull_options.1759432963/001/valid.json: operation not supported
    --- FAIL: TestEpisodeLoadRejectsMissingOrNullRequiredScalars/null_options.learning_rate (1.53s)
        episode_required_test.go:107: publish checkpoint without overwrite: link /Volumes/SSD/Developer/coimnet/runs/.tmp/bio-ownership-20261010/go-tmp/TestEpisodeLoadRejectsMissingOrNullRequiredScalarsnull_options.3012338998/001/.valid.json.tmp-136015689 /Volumes/SSD/Developer/coimnet/runs/.tmp/bio-ownership-20261010/go-tmp/TestEpisodeLoadRejectsMissingOrNullRequiredScalarsnull_options.3012338998/001/valid.json: operation not supported
    --- FAIL: TestEpisodeLoadRejectsMissingOrNullRequiredScalars/missing_options.truncation (1.04s)
        episode_required_test.go:107: publish checkpoint without overwrite: link /Volumes/SSD/Developer/coimnet/runs/.tmp/bio-ownership-20261010/go-tmp/TestEpisodeLoadRejectsMissingOrNullRequiredScalarsmissing_optio1202885198/001/.valid.json.tmp-3975619543 /Volumes/SSD/Developer/coimnet/runs/.tmp/bio-ownership-20261010/go-tmp/TestEpisodeLoadRejectsMissingOrNullRequiredScalarsmissing_optio1202885198/001/valid.json: operation not supported
    --- FAIL: TestEpisodeLoadRejectsMissingOrNullRequiredScalars/null_trainable.weights (0.97s)
        episode_required_test.go:107: publish checkpoint without overwrite: link /Volumes/SSD/Developer/coimnet/runs/.tmp/bio-ownership-20261010/go-tmp/TestEpisodeLoadRejectsMissingOrNullRequiredScalarsnull_trainabl349752960/001/.valid.json.tmp-1030102098 /Volumes/SSD/Developer/coimnet/runs/.tmp/bio-ownership-20261010/go-tmp/TestEpisodeLoadRejectsMissingOrNullRequiredScalarsnull_trainabl349752960/001/valid.json: operation not supported
    --- FAIL: TestEpisodeLoadRejectsMissingOrNullRequiredScalars/missing_trainable (1.34s)
        episode_required_test.go:107: publish checkpoint without overwrite: link /Volumes/SSD/Developer/coimnet/runs/.tmp/bio-ownership-20261010/go-tmp/TestEpisodeLoadRejectsMissingOrNullRequiredScalarsmissing_train3719516491/001/.valid.json.tmp-1554513726 /Volumes/SSD/Developer/coimnet/runs/.tmp/bio-ownership-20261010/go-tmp/TestEpisodeLoadRejectsMissingOrNullRequiredScalarsmissing_train3719516491/001/valid.json: operation not supported
    --- FAIL: TestEpisodeLoadRejectsMissingOrNullRequiredScalars/missing_config.input_size (0.67s)
        episode_required_test.go:107: publish checkpoint without overwrite: link /Volumes/SSD/Developer/coimnet/runs/.tmp/bio-ownership-20261010/go-tmp/TestEpisodeLoadRejectsMissingOrNullRequiredScalarsmissing_confi3247145985/001/.valid.json.tmp-467477412 /Volumes/SSD/Developer/coimnet/runs/.tmp/bio-ownership-20261010/go-tmp/TestEpisodeLoadRejectsMissingOrNullRequiredScalarsmissing_confi3247145985/001/valid.json: operation not supported
    --- FAIL: TestEpisodeLoadRejectsMissingOrNullRequiredScalars/null_config.dynamics.dt (0.75s)
        episode_required_test.go:107: publish checkpoint without overwrite: link /Volumes/SSD/Developer/coimnet/runs/.tmp/bio-ownership-20261010/go-tmp/TestEpisodeLoadRejectsMissingOrNullRequiredScalarsnull_config.d1712693753/001/.valid.json.tmp-3087801499 /Volumes/SSD/Developer/coimnet/runs/.tmp/bio-ownership-20261010/go-tmp/TestEpisodeLoadRejectsMissingOrNullRequiredScalarsnull_config.d1712693753/001/valid.json: operation not supported
    --- FAIL: TestEpisodeLoadRejectsMissingOrNullRequiredScalars/missing_config.dynamics.nodes (0.84s)
        episode_required_test.go:107: publish checkpoint without overwrite: link /Volumes/SSD/Developer/coimnet/runs/.tmp/bio-ownership-20261010/go-tmp/TestEpisodeLoadRejectsMissingOrNullRequiredScalarsmissing_confi2733704171/001/.valid.json.tmp-3856172484 /Volumes/SSD/Developer/coimnet/runs/.tmp/bio-ownership-20261010/go-tmp/TestEpisodeLoadRejectsMissingOrNullRequiredScalarsmissing_confi2733704171/001/valid.json: operation not supported
    --- FAIL: TestEpisodeLoadRejectsMissingOrNullRequiredScalars/null_config.dynamics.activation (0.61s)
        episode_required_test.go:107: publish checkpoint without overwrite: link /Volumes/SSD/Developer/coimnet/runs/.tmp/bio-ownership-20261010/go-tmp/TestEpisodeLoadRejectsMissingOrNullRequiredScalarsnull_config.d3876472250/001/.valid.json.tmp-828188675 /Volumes/SSD/Developer/coimnet/runs/.tmp/bio-ownership-20261010/go-tmp/TestEpisodeLoadRejectsMissingOrNullRequiredScalarsnull_config.d3876472250/001/valid.json: operation not supported
    --- FAIL: TestEpisodeLoadRejectsMissingOrNullRequiredScalars/missing_parameters (0.64s)
        episode_required_test.go:107: publish checkpoint without overwrite: link /Volumes/SSD/Developer/coimnet/runs/.tmp/bio-ownership-20261010/go-tmp/TestEpisodeLoadRejectsMissingOrNullRequiredScalarsmissing_param3331057138/001/.valid.json.tmp-1898019696 /Volumes/SSD/Developer/coimnet/runs/.tmp/bio-ownership-20261010/go-tmp/TestEpisodeLoadRejectsMissingOrNullRequiredScalarsmissing_param3331057138/001/valid.json: operation not supported
    --- FAIL: TestEpisodeLoadRejectsMissingOrNullRequiredScalars/null_parameters.core (0.66s)
        episode_required_test.go:107: publish checkpoint without overwrite: link /Volumes/SSD/Developer/coimnet/runs/.tmp/bio-ownership-20261010/go-tmp/TestEpisodeLoadRejectsMissingOrNullRequiredScalarsnull_paramete949159919/001/.valid.json.tmp-1984103165 /Volumes/SSD/Developer/coimnet/runs/.tmp/bio-ownership-20261010/go-tmp/TestEpisodeLoadRejectsMissingOrNullRequiredScalarsnull_paramete949159919/001/valid.json: operation not supported
    --- FAIL: TestEpisodeLoadRejectsMissingOrNullRequiredScalars/missing_optimizer (1.69s)
        episode_required_test.go:107: publish checkpoint without overwrite: link /Volumes/SSD/Developer/coimnet/runs/.tmp/bio-ownership-20261010/go-tmp/TestEpisodeLoadRejectsMissingOrNullRequiredScalarsmissing_optim513419152/001/.valid.json.tmp-4038669583 /Volumes/SSD/Developer/coimnet/runs/.tmp/bio-ownership-20261010/go-tmp/TestEpisodeLoadRejectsMissingOrNullRequiredScalarsmissing_optim513419152/001/valid.json: operation not supported
    --- FAIL: TestEpisodeLoadRejectsMissingOrNullRequiredScalars/null_element_in_core.bias (2.89s)
        episode_required_test.go:107: publish checkpoint without overwrite: link /Volumes/SSD/Developer/coimnet/runs/.tmp/bio-ownership-20261010/go-tmp/TestEpisodeLoadRejectsMissingOrNullRequiredScalarsnull_element_1421713389/001/.valid.json.tmp-4002894577 /Volumes/SSD/Developer/coimnet/runs/.tmp/bio-ownership-20261010/go-tmp/TestEpisodeLoadRejectsMissingOrNullRequiredScalarsnull_element_1421713389/001/valid.json: operation not supported
    --- FAIL: TestEpisodeLoadRejectsMissingOrNullRequiredScalars/null_element_in_optimizer.steps (0.72s)
        episode_required_test.go:107: publish checkpoint without overwrite: link /Volumes/SSD/Developer/coimnet/runs/.tmp/bio-ownership-20261010/go-tmp/TestEpisodeLoadRejectsMissingOrNullRequiredScalarsnull_element_1951826231/001/.valid.json.tmp-3288071834 /Volumes/SSD/Developer/coimnet/runs/.tmp/bio-ownership-20261010/go-tmp/TestEpisodeLoadRejectsMissingOrNullRequiredScalarsnull_element_1951826231/001/valid.json: operation not supported
    --- FAIL: TestEpisodeLoadRejectsMissingOrNullRequiredScalars/null_element_in_readout_nodes (0.62s)
        episode_required_test.go:107: publish checkpoint without overwrite: link /Volumes/SSD/Developer/coimnet/runs/.tmp/bio-ownership-20261010/go-tmp/TestEpisodeLoadRejectsMissingOrNullRequiredScalarsnull_element_3515532661/001/.valid.json.tmp-3281421865 /Volumes/SSD/Developer/coimnet/runs/.tmp/bio-ownership-20261010/go-tmp/TestEpisodeLoadRejectsMissingOrNullRequiredScalarsnull_element_3515532661/001/valid.json: operation not supported
    --- FAIL: TestEpisodeLoadRejectsMissingOrNullRequiredScalars/missing_training.schema_version (0.57s)
        episode_required_test.go:107: publish checkpoint without overwrite: link /Volumes/SSD/Developer/coimnet/runs/.tmp/bio-ownership-20261010/go-tmp/TestEpisodeLoadRejectsMissingOrNullRequiredScalarsmissing_train1272316167/001/.valid.json.tmp-1595064672 /Volumes/SSD/Developer/coimnet/runs/.tmp/bio-ownership-20261010/go-tmp/TestEpisodeLoadRejectsMissingOrNullRequiredScalarsmissing_train1272316167/001/valid.json: operation not supported
--- FAIL: TestEpisodeLoadKeepsLegalZeroValuesNullableArraysAndOmittedOptionalFields (0.90s)
    episode_required_test.go:122: publish checkpoint without overwrite: link /Volumes/SSD/Developer/coimnet/runs/.tmp/bio-ownership-20261010/go-tmp/TestEpisodeLoadKeepsLegalZeroValuesNullableArraysAndOmittedOptio367745221/001/.valid.json.tmp-263436771 /Volumes/SSD/Developer/coimnet/runs/.tmp/bio-ownership-20261010/go-tmp/TestEpisodeLoadKeepsLegalZeroValuesNullableArraysAndOmittedOptio367745221/001/valid.json: operation not supported
--- FAIL: TestSaveLoadIndividualRoundTripAndAliasIsolation (1.69s)
    individual_test.go:40: publish checkpoint without overwrite: link /Volumes/SSD/Developer/coimnet/runs/.tmp/bio-ownership-20261010/go-tmp/TestSaveLoadIndividualRoundTripAndAliasIsolation3838709808/001/.individual.json.tmp-2359092526 /Volumes/SSD/Developer/coimnet/runs/.tmp/bio-ownership-20261010/go-tmp/TestSaveLoadIndividualRoundTripAndAliasIsolation3838709808/001/individual.json: operation not supported
--- FAIL: TestSaveLoadIndividualSupportsZeroEdgeModel (1.63s)
    individual_test.go:71: publish checkpoint without overwrite: link /Volumes/SSD/Developer/coimnet/runs/.tmp/bio-ownership-20261010/go-tmp/TestSaveLoadIndividualSupportsZeroEdgeModel1355985061/001/.zero-edge.json.tmp-2566920383 /Volumes/SSD/Developer/coimnet/runs/.tmp/bio-ownership-20261010/go-tmp/TestSaveLoadIndividualSupportsZeroEdgeModel1355985061/001/zero-edge.json: operation not supported
--- FAIL: TestSaveIndividualCancellationNoOverwriteAndConcurrentWinner (0.67s)
    individual_test.go:193: publish checkpoint without overwrite: link /Volumes/SSD/Developer/coimnet/runs/.tmp/bio-ownership-20261010/go-tmp/TestSaveIndividualCancellationNoOverwriteAndConcurrentWinner492315464/001/.winner.json.tmp-1332062328 /Volumes/SSD/Developer/coimnet/runs/.tmp/bio-ownership-20261010/go-tmp/TestSaveIndividualCancellationNoOverwriteAndConcurrentWinner492315464/001/winner.json: operation not supported
--- FAIL: TestIndividualCheckpointSubprocessResume (1.00s)
    individual_test.go:259: publish checkpoint without overwrite: link /Volumes/SSD/Developer/coimnet/runs/.tmp/bio-ownership-20261010/go-tmp/TestIndividualCheckpointSubprocessResume1206862283/001/.mid.json.tmp-2207782873 /Volumes/SSD/Developer/coimnet/runs/.tmp/bio-ownership-20261010/go-tmp/TestIndividualCheckpointSubprocessResume1206862283/001/mid.json: operation not supported
--- FAIL: TestSaveLoadLIFIndividualRoundTrip (1.48s)
    individual_test.go:397: publish checkpoint without overwrite: link /Volumes/SSD/Developer/coimnet/runs/.tmp/bio-ownership-20261010/go-tmp/TestSaveLoadLIFIndividualRoundTrip703627540/001/.lif-individual.json.tmp-247613239 /Volumes/SSD/Developer/coimnet/runs/.tmp/bio-ownership-20261010/go-tmp/TestSaveLoadLIFIndividualRoundTrip703627540/001/lif-individual.json: operation not supported
--- FAIL: TestLoadIndividualReadsPreUnionContinuousCheckpoint (2.05s)
    individual_test.go:467: publish checkpoint without overwrite: link /Volumes/SSD/Developer/coimnet/runs/.tmp/bio-ownership-20261010/go-tmp/TestLoadIndividualReadsPreUnionContinuousCheckpoint1125956684/001/.upgraded.json.tmp-1830810315 /Volumes/SSD/Developer/coimnet/runs/.tmp/bio-ownership-20261010/go-tmp/TestLoadIndividualReadsPreUnionContinuousCheckpoint1125956684/001/upgraded.json: operation not supported
--- FAIL: TestLIFIndividualCheckpointSubprocessResume (2.33s)
    individual_test.go:670: publish checkpoint without overwrite: link /Volumes/SSD/Developer/coimnet/runs/.tmp/bio-ownership-20261010/go-tmp/TestLIFIndividualCheckpointSubprocessResume977218430/001/.mid.json.tmp-1262146734 /Volumes/SSD/Developer/coimnet/runs/.tmp/bio-ownership-20261010/go-tmp/TestLIFIndividualCheckpointSubprocessResume977218430/001/mid.json: operation not supported
--- FAIL: TestSaveLoadIndividualCarriesThePlasticPart (1.60s)
    individual_test.go:785: publish checkpoint without overwrite: link /Volumes/SSD/Developer/coimnet/runs/.tmp/bio-ownership-20261010/go-tmp/TestSaveLoadIndividualCarriesThePlasticPart3749215641/001/.payload.json.tmp-2737708567 /Volumes/SSD/Developer/coimnet/runs/.tmp/bio-ownership-20261010/go-tmp/TestSaveLoadIndividualCarriesThePlasticPart3749215641/001/payload.json: operation not supported
--- FAIL: TestSaveLoadIndividualCarriesConsolidationSlowAndEpisodes (0.86s)
    individual_test.go:888: publish checkpoint without overwrite: link /Volumes/SSD/Developer/coimnet/runs/.tmp/bio-ownership-20261010/go-tmp/TestSaveLoadIndividualCarriesConsolidationSlowAndEpisodes2619634021/001/.payload.json.tmp-374170845 /Volumes/SSD/Developer/coimnet/runs/.tmp/bio-ownership-20261010/go-tmp/TestSaveLoadIndividualCarriesConsolidationSlowAndEpisodes2619634021/001/payload.json: operation not supported
--- FAIL: TestLoadIndividualRejectsMalformedPlasticParts (0.89s)
    individual_test.go:944: publish checkpoint without overwrite: link /Volumes/SSD/Developer/coimnet/runs/.tmp/bio-ownership-20261010/go-tmp/TestLoadIndividualRejectsMalformedPlasticParts2374521495/001/.payload.json.tmp-4207703798 /Volumes/SSD/Developer/coimnet/runs/.tmp/bio-ownership-20261010/go-tmp/TestLoadIndividualRejectsMalformedPlasticParts2374521495/001/payload.json: operation not supported
--- FAIL: TestSaveLoadIndividualCarriesTheAccumulatorPart (1.08s)
    individual_test.go:1017: publish checkpoint without overwrite: link /Volumes/SSD/Developer/coimnet/runs/.tmp/bio-ownership-20261010/go-tmp/TestSaveLoadIndividualCarriesTheAccumulatorPart1964083263/001/.payload.json.tmp-2714770049 /Volumes/SSD/Developer/coimnet/runs/.tmp/bio-ownership-20261010/go-tmp/TestSaveLoadIndividualCarriesTheAccumulatorPart1964083263/001/payload.json: operation not supported
--- FAIL: TestLoadIndividualReadsAnAbsentAccumulatorAsNoWindow (1.49s)
    individual_test.go:1062: publish checkpoint without overwrite: link /Volumes/SSD/Developer/coimnet/runs/.tmp/bio-ownership-20261010/go-tmp/TestLoadIndividualReadsAnAbsentAccumulatorAsNoWindow3876538837/001/.payload.json.tmp-4234645461 /Volumes/SSD/Developer/coimnet/runs/.tmp/bio-ownership-20261010/go-tmp/TestLoadIndividualReadsAnAbsentAccumulatorAsNoWindow3876538837/001/payload.json: operation not supported
--- FAIL: TestLoadIndividualRejectsMalformedAccumulatorParts (1.03s)
    individual_test.go:1085: publish checkpoint without overwrite: link /Volumes/SSD/Developer/coimnet/runs/.tmp/bio-ownership-20261010/go-tmp/TestLoadIndividualRejectsMalformedAccumulatorParts1588661015/001/.payload.json.tmp-50529023 /Volumes/SSD/Developer/coimnet/runs/.tmp/bio-ownership-20261010/go-tmp/TestLoadIndividualRejectsMalformedAccumulatorParts1588661015/001/payload.json: operation not supported
--- FAIL: TestSaveLoadIndividualCarriesTheChemicalPart (1.03s)
    individual_test.go:1196: publish checkpoint without overwrite: link /Volumes/SSD/Developer/coimnet/runs/.tmp/bio-ownership-20261010/go-tmp/TestSaveLoadIndividualCarriesTheChemicalPart3961616003/001/.payload.json.tmp-361952144 /Volumes/SSD/Developer/coimnet/runs/.tmp/bio-ownership-20261010/go-tmp/TestSaveLoadIndividualCarriesTheChemicalPart3961616003/001/payload.json: operation not supported
--- FAIL: TestLoadIndividualRejectsMalformedChemicalParts (0.98s)
    individual_test.go:1248: publish checkpoint without overwrite: link /Volumes/SSD/Developer/coimnet/runs/.tmp/bio-ownership-20261010/go-tmp/TestLoadIndividualRejectsMalformedChemicalParts1278304763/001/.payload.json.tmp-3467211418 /Volumes/SSD/Developer/coimnet/runs/.tmp/bio-ownership-20261010/go-tmp/TestLoadIndividualRejectsMalformedChemicalParts1278304763/001/payload.json: operation not supported
--- FAIL: TestLoadIndividualReadsAnAbsentChemicalPartAsDisabled (0.76s)
    individual_test.go:1309: publish checkpoint without overwrite: link /Volumes/SSD/Developer/coimnet/runs/.tmp/bio-ownership-20261010/go-tmp/TestLoadIndividualReadsAnAbsentChemicalPartAsDisabled1356485321/001/.payload.json.tmp-1533746927 /Volumes/SSD/Developer/coimnet/runs/.tmp/bio-ownership-20261010/go-tmp/TestLoadIndividualReadsAnAbsentChemicalPartAsDisabled1356485321/001/payload.json: operation not supported
--- FAIL: TestSaveLoadMixedIndividualRoundTrip (1.52s)
    individual_test.go:1362: publish checkpoint without overwrite: link /Volumes/SSD/Developer/coimnet/runs/.tmp/bio-ownership-20261010/go-tmp/TestSaveLoadMixedIndividualRoundTrip1410717885/001/.mixed-individual.json.tmp-3970411844 /Volumes/SSD/Developer/coimnet/runs/.tmp/bio-ownership-20261010/go-tmp/TestSaveLoadMixedIndividualRoundTrip1410717885/001/mixed-individual.json: operation not supported
--- FAIL: TestLIFEpisodeCheckpointRoundTrip (0.91s)
    lif_snapshot_test.go:64: publish checkpoint without overwrite: link /Volumes/SSD/Developer/coimnet/runs/.tmp/bio-ownership-20261010/go-tmp/TestLIFEpisodeCheckpointRoundTrip3345877524/001/.lif-round-trip.json.tmp-3945022849 /Volumes/SSD/Developer/coimnet/runs/.tmp/bio-ownership-20261010/go-tmp/TestLIFEpisodeCheckpointRoundTrip3345877524/001/lif-round-trip.json: operation not supported
--- FAIL: TestLIFCheckpointRejectsNullThetaRaw (0.68s)
    lif_snapshot_test.go:110: publish checkpoint without overwrite: link /Volumes/SSD/Developer/coimnet/runs/.tmp/bio-ownership-20261010/go-tmp/TestLIFCheckpointRejectsNullThetaRaw2135048353/001/.lif.json.tmp-2447168034 /Volumes/SSD/Developer/coimnet/runs/.tmp/bio-ownership-20261010/go-tmp/TestLIFCheckpointRejectsNullThetaRaw2135048353/001/lif.json: operation not supported
--- FAIL: TestMigrateRefusesSamePathAndExistingTarget (1.86s)
    migrate_test.go:20: publish checkpoint without overwrite: link /Volumes/SSD/Developer/coimnet/runs/.tmp/bio-ownership-20261010/go-tmp/TestMigrateRefusesSamePathAndExistingTarget1834259388/001/.source.json.tmp-1987992122 /Volumes/SSD/Developer/coimnet/runs/.tmp/bio-ownership-20261010/go-tmp/TestMigrateRefusesSamePathAndExistingTarget1834259388/001/source.json: operation not supported
--- FAIL: TestMigrateSameSchemaIsAByteCopy (2.17s)
    migrate_test.go:75: publish checkpoint without overwrite: link /Volumes/SSD/Developer/coimnet/runs/.tmp/bio-ownership-20261010/go-tmp/TestMigrateSameSchemaIsAByteCopy1951433018/001/.source.json.tmp-2028529782 /Volumes/SSD/Developer/coimnet/runs/.tmp/bio-ownership-20261010/go-tmp/TestMigrateSameSchemaIsAByteCopy1951433018/001/source.json: operation not supported
--- FAIL: TestMigrateUpgradesPreUnionIndividual (4.32s)
    migrate_test.go:122: publish checkpoint without overwrite: link /Volumes/SSD/Developer/coimnet/runs/.tmp/bio-ownership-20261010/go-tmp/TestMigrateUpgradesPreUnionIndividual1073552982/001/.saved.json.tmp-1594793451 /Volumes/SSD/Developer/coimnet/runs/.tmp/bio-ownership-20261010/go-tmp/TestMigrateUpgradesPreUnionIndividual1073552982/001/saved.json: operation not supported
--- FAIL: TestMigrateHonoursContext (3.24s)
    migrate_test.go:212: publish checkpoint without overwrite: link /Volumes/SSD/Developer/coimnet/runs/.tmp/bio-ownership-20261010/go-tmp/TestMigrateHonoursContext1453690223/001/.source.json.tmp-1388169663 /Volumes/SSD/Developer/coimnet/runs/.tmp/bio-ownership-20261010/go-tmp/TestMigrateHonoursContext1453690223/001/source.json: operation not supported
--- FAIL: TestEpisodeCheckpointOmitsUnusedConstraintFields (2.32s)
    options_compat_test.go:28: publish checkpoint without overwrite: link /Volumes/SSD/Developer/coimnet/runs/.tmp/bio-ownership-20261010/go-tmp/TestEpisodeCheckpointOmitsUnusedConstraintFields1065661441/001/.plain.json.tmp-744153495 /Volumes/SSD/Developer/coimnet/runs/.tmp/bio-ownership-20261010/go-tmp/TestEpisodeCheckpointOmitsUnusedConstraintFields1065661441/001/plain.json: operation not supported
--- FAIL: TestEpisodeCheckpointCarriesMasksRangesAndEdgeSigns (1.65s)
    options_compat_test.go:70: publish checkpoint without overwrite: link /Volumes/SSD/Developer/coimnet/runs/.tmp/bio-ownership-20261010/go-tmp/TestEpisodeCheckpointCarriesMasksRangesAndEdgeSigns181327192/001/.constrained.json.tmp-1602634191 /Volumes/SSD/Developer/coimnet/runs/.tmp/bio-ownership-20261010/go-tmp/TestEpisodeCheckpointCarriesMasksRangesAndEdgeSigns181327192/001/constrained.json: operation not supported
--- FAIL: TestEpisodeCheckpointRejectsAMaskThatDoesNotMatchTheTopology (1.72s)
    options_compat_test.go:91: publish checkpoint without overwrite: link /Volumes/SSD/Developer/coimnet/runs/.tmp/bio-ownership-20261010/go-tmp/TestEpisodeCheckpointRejectsAMaskThatDoesNotMatchTheTopology3531086040/001/.valid.json.tmp-2804825925 /Volumes/SSD/Developer/coimnet/runs/.tmp/bio-ownership-20261010/go-tmp/TestEpisodeCheckpointRejectsAMaskThatDoesNotMatchTheTopology3531086040/001/valid.json: operation not supported
--- FAIL: TestEpisodeCheckpointRejectsNullInsideTheNewOptionalStructs (7.03s)
    --- FAIL: TestEpisodeCheckpointRejectsNullInsideTheNewOptionalStructs/null_mask_element (1.79s)
        options_compat_test.go:117: publish checkpoint without overwrite: link /Volumes/SSD/Developer/coimnet/runs/.tmp/bio-ownership-20261010/go-tmp/TestEpisodeCheckpointRejectsNullInsideTheNewOptionalStructsnull2137775195/001/.valid.json.tmp-355962024 /Volumes/SSD/Developer/coimnet/runs/.tmp/bio-ownership-20261010/go-tmp/TestEpisodeCheckpointRejectsNullInsideTheNewOptionalStructsnull2137775195/001/valid.json: operation not supported
    --- FAIL: TestEpisodeCheckpointRejectsNullInsideTheNewOptionalStructs/null_range_bound (1.09s)
        options_compat_test.go:117: publish checkpoint without overwrite: link /Volumes/SSD/Developer/coimnet/runs/.tmp/bio-ownership-20261010/go-tmp/TestEpisodeCheckpointRejectsNullInsideTheNewOptionalStructsnull795194332/001/.valid.json.tmp-1119376880 /Volumes/SSD/Developer/coimnet/runs/.tmp/bio-ownership-20261010/go-tmp/TestEpisodeCheckpointRejectsNullInsideTheNewOptionalStructsnull795194332/001/valid.json: operation not supported
    --- FAIL: TestEpisodeCheckpointRejectsNullInsideTheNewOptionalStructs/null_edge_sign (0.94s)
        options_compat_test.go:117: publish checkpoint without overwrite: link /Volumes/SSD/Developer/coimnet/runs/.tmp/bio-ownership-20261010/go-tmp/TestEpisodeCheckpointRejectsNullInsideTheNewOptionalStructsnull1951326954/001/.valid.json.tmp-1143155560 /Volumes/SSD/Developer/coimnet/runs/.tmp/bio-ownership-20261010/go-tmp/TestEpisodeCheckpointRejectsNullInsideTheNewOptionalStructsnull1951326954/001/valid.json: operation not supported
    --- FAIL: TestEpisodeCheckpointRejectsNullInsideTheNewOptionalStructs/null_min_log_magnitude (1.88s)
        options_compat_test.go:117: publish checkpoint without overwrite: link /Volumes/SSD/Developer/coimnet/runs/.tmp/bio-ownership-20261010/go-tmp/TestEpisodeCheckpointRejectsNullInsideTheNewOptionalStructsnull2898952401/001/.valid.json.tmp-2403723625 /Volumes/SSD/Developer/coimnet/runs/.tmp/bio-ownership-20261010/go-tmp/TestEpisodeCheckpointRejectsNullInsideTheNewOptionalStructsnull2898952401/001/valid.json: operation not supported
    options_compat_test.go:126: publish checkpoint without overwrite: link /Volumes/SSD/Developer/coimnet/runs/.tmp/bio-ownership-20261010/go-tmp/TestEpisodeCheckpointRejectsNullInsideTheNewOptionalStructs3503987898/001/.valid.json.tmp-2315167648 /Volumes/SSD/Developer/coimnet/runs/.tmp/bio-ownership-20261010/go-tmp/TestEpisodeCheckpointRejectsNullInsideTheNewOptionalStructs3503987898/001/valid.json: operation not supported
--- FAIL: TestEpisodeCheckpointOmitsUnusedStageTwoFields (1.12s)
    options_compat_test.go:185: publish checkpoint without overwrite: link /Volumes/SSD/Developer/coimnet/runs/.tmp/bio-ownership-20261010/go-tmp/TestEpisodeCheckpointOmitsUnusedStageTwoFields3289017656/001/.stage-two-plain.json.tmp-1757432099 /Volumes/SSD/Developer/coimnet/runs/.tmp/bio-ownership-20261010/go-tmp/TestEpisodeCheckpointOmitsUnusedStageTwoFields3289017656/001/stage-two-plain.json: operation not supported
--- FAIL: TestEpisodeCheckpointCarriesTheStageTwoFields (1.34s)
    options_compat_test.go:240: publish checkpoint without overwrite: link /Volumes/SSD/Developer/coimnet/runs/.tmp/bio-ownership-20261010/go-tmp/TestEpisodeCheckpointCarriesTheStageTwoFields1239041526/001/.accumulating.json.tmp-1838887993 /Volumes/SSD/Developer/coimnet/runs/.tmp/bio-ownership-20261010/go-tmp/TestEpisodeCheckpointCarriesTheStageTwoFields1239041526/001/accumulating.json: operation not supported
--- FAIL: TestEpisodeCheckpointRejectsAnAccumulatorThatDoesNotFitTheModel (18.58s)
    --- FAIL: TestEpisodeCheckpointRejectsAnAccumulatorThatDoesNotFitTheModel/unknown_schedule_kind (1.10s)
        options_compat_test.go:303: publish checkpoint without overwrite: link /Volumes/SSD/Developer/coimnet/runs/.tmp/bio-ownership-20261010/go-tmp/TestEpisodeCheckpointRejectsAnAccumulatorThatDoesNotFitTheModel1406380755/001/.accumulating.json.tmp-221380678 /Volumes/SSD/Developer/coimnet/runs/.tmp/bio-ownership-20261010/go-tmp/TestEpisodeCheckpointRejectsAnAccumulatorThatDoesNotFitTheModel1406380755/001/accumulating.json: operation not supported
    --- FAIL: TestEpisodeCheckpointRejectsAnAccumulatorThatDoesNotFitTheModel/null_schedule_kind (0.84s)
        options_compat_test.go:303: publish checkpoint without overwrite: link /Volumes/SSD/Developer/coimnet/runs/.tmp/bio-ownership-20261010/go-tmp/TestEpisodeCheckpointRejectsAnAccumulatorThatDoesNotFitTheModel2072871522/001/.accumulating.json.tmp-1490029257 /Volumes/SSD/Developer/coimnet/runs/.tmp/bio-ownership-20261010/go-tmp/TestEpisodeCheckpointRejectsAnAccumulatorThatDoesNotFitTheModel2072871522/001/accumulating.json: operation not supported
    --- FAIL: TestEpisodeCheckpointRejectsAnAccumulatorThatDoesNotFitTheModel/short_sum (1.04s)
        options_compat_test.go:303: publish checkpoint without overwrite: link /Volumes/SSD/Developer/coimnet/runs/.tmp/bio-ownership-20261010/go-tmp/TestEpisodeCheckpointRejectsAnAccumulatorThatDoesNotFitTheModel4081266650/001/.accumulating.json.tmp-2017128741 /Volumes/SSD/Developer/coimnet/runs/.tmp/bio-ownership-20261010/go-tmp/TestEpisodeCheckpointRejectsAnAccumulatorThatDoesNotFitTheModel4081266650/001/accumulating.json: operation not supported
    --- FAIL: TestEpisodeCheckpointRejectsAnAccumulatorThatDoesNotFitTheModel/no_window_declared (2.27s)
        options_compat_test.go:303: publish checkpoint without overwrite: link /Volumes/SSD/Developer/coimnet/runs/.tmp/bio-ownership-20261010/go-tmp/TestEpisodeCheckpointRejectsAnAccumulatorThatDoesNotFitTheModel3684481830/001/.accumulating.json.tmp-1296008041 /Volumes/SSD/Developer/coimnet/runs/.tmp/bio-ownership-20261010/go-tmp/TestEpisodeCheckpointRejectsAnAccumulatorThatDoesNotFitTheModel3684481830/001/accumulating.json: operation not supported
    --- FAIL: TestEpisodeCheckpointRejectsAnAccumulatorThatDoesNotFitTheModel/missing_count (1.69s)
        options_compat_test.go:303: publish checkpoint without overwrite: link /Volumes/SSD/Developer/coimnet/runs/.tmp/bio-ownership-20261010/go-tmp/TestEpisodeCheckpointRejectsAnAccumulatorThatDoesNotFitTheModel4140628844/001/.accumulating.json.tmp-1010937966 /Volumes/SSD/Developer/coimnet/runs/.tmp/bio-ownership-20261010/go-tmp/TestEpisodeCheckpointRejectsAnAccumulatorThatDoesNotFitTheModel4140628844/001/accumulating.json: operation not supported
    --- FAIL: TestEpisodeCheckpointRejectsAnAccumulatorThatDoesNotFitTheModel/negative_loss_scale (1.01s)
        options_compat_test.go:303: publish checkpoint without overwrite: link /Volumes/SSD/Developer/coimnet/runs/.tmp/bio-ownership-20261010/go-tmp/TestEpisodeCheckpointRejectsAnAccumulatorThatDoesNotFitTheModel946434391/001/.accumulating.json.tmp-742546466 /Volumes/SSD/Developer/coimnet/runs/.tmp/bio-ownership-20261010/go-tmp/TestEpisodeCheckpointRejectsAnAccumulatorThatDoesNotFitTheModel946434391/001/accumulating.json: operation not supported
    --- FAIL: TestEpisodeCheckpointRejectsAnAccumulatorThatDoesNotFitTheModel/count_at_the_window (2.13s)
        options_compat_test.go:303: publish checkpoint without overwrite: link /Volumes/SSD/Developer/coimnet/runs/.tmp/bio-ownership-20261010/go-tmp/TestEpisodeCheckpointRejectsAnAccumulatorThatDoesNotFitTheModel3054451062/001/.accumulating.json.tmp-540629241 /Volumes/SSD/Developer/coimnet/runs/.tmp/bio-ownership-20261010/go-tmp/TestEpisodeCheckpointRejectsAnAccumulatorThatDoesNotFitTheModel3054451062/001/accumulating.json: operation not supported
    --- FAIL: TestEpisodeCheckpointRejectsAnAccumulatorThatDoesNotFitTheModel/count_above_the_window (2.04s)
        options_compat_test.go:303: publish checkpoint without overwrite: link /Volumes/SSD/Developer/coimnet/runs/.tmp/bio-ownership-20261010/go-tmp/TestEpisodeCheckpointRejectsAnAccumulatorThatDoesNotFitTheModel3674947967/001/.accumulating.json.tmp-46719164 /Volumes/SSD/Developer/coimnet/runs/.tmp/bio-ownership-20261010/go-tmp/TestEpisodeCheckpointRejectsAnAccumulatorThatDoesNotFitTheModel3674947967/001/accumulating.json: operation not supported
    --- FAIL: TestEpisodeCheckpointRejectsAnAccumulatorThatDoesNotFitTheModel/negative_count (0.88s)
        options_compat_test.go:303: publish checkpoint without overwrite: link /Volumes/SSD/Developer/coimnet/runs/.tmp/bio-ownership-20261010/go-tmp/TestEpisodeCheckpointRejectsAnAccumulatorThatDoesNotFitTheModel1102172336/001/.accumulating.json.tmp-3373800989 /Volumes/SSD/Developer/coimnet/runs/.tmp/bio-ownership-20261010/go-tmp/TestEpisodeCheckpointRejectsAnAccumulatorThatDoesNotFitTheModel1102172336/001/accumulating.json: operation not supported
    --- FAIL: TestEpisodeCheckpointRejectsAnAccumulatorThatDoesNotFitTheModel/missing_sum (1.14s)
        options_compat_test.go:303: publish checkpoint without overwrite: link /Volumes/SSD/Developer/coimnet/runs/.tmp/bio-ownership-20261010/go-tmp/TestEpisodeCheckpointRejectsAnAccumulatorThatDoesNotFitTheModel4158256632/001/.accumulating.json.tmp-3819586076 /Volumes/SSD/Developer/coimnet/runs/.tmp/bio-ownership-20261010/go-tmp/TestEpisodeCheckpointRejectsAnAccumulatorThatDoesNotFitTheModel4158256632/001/accumulating.json: operation not supported
    --- FAIL: TestEpisodeCheckpointRejectsAnAccumulatorThatDoesNotFitTheModel/null_sum_element (1.24s)
        options_compat_test.go:303: publish checkpoint without overwrite: link /Volumes/SSD/Developer/coimnet/runs/.tmp/bio-ownership-20261010/go-tmp/TestEpisodeCheckpointRejectsAnAccumulatorThatDoesNotFitTheModel2586936753/001/.accumulating.json.tmp-3178566696 /Volumes/SSD/Developer/coimnet/runs/.tmp/bio-ownership-20261010/go-tmp/TestEpisodeCheckpointRejectsAnAccumulatorThatDoesNotFitTheModel2586936753/001/accumulating.json: operation not supported
    --- FAIL: TestEpisodeCheckpointRejectsAnAccumulatorThatDoesNotFitTheModel/null_count (1.69s)
        options_compat_test.go:303: publish checkpoint without overwrite: link /Volumes/SSD/Developer/coimnet/runs/.tmp/bio-ownership-20261010/go-tmp/TestEpisodeCheckpointRejectsAnAccumulatorThatDoesNotFitTheModel3847474468/001/.accumulating.json.tmp-646635000 /Volumes/SSD/Developer/coimnet/runs/.tmp/bio-ownership-20261010/go-tmp/TestEpisodeCheckpointRejectsAnAccumulatorThatDoesNotFitTheModel3847474468/001/accumulating.json: operation not supported
    options_compat_test.go:312: publish checkpoint without overwrite: link /Volumes/SSD/Developer/coimnet/runs/.tmp/bio-ownership-20261010/go-tmp/TestEpisodeCheckpointRejectsAnAccumulatorThatDoesNotFitTheModel1109665587/001/.accumulating.json.tmp-428894994 /Volumes/SSD/Developer/coimnet/runs/.tmp/bio-ownership-20261010/go-tmp/TestEpisodeCheckpointRejectsAnAccumulatorThatDoesNotFitTheModel1109665587/001/accumulating.json: operation not supported
--- FAIL: TestEpisodeCheckpointOmitsAnAbsentReplayPart (0.65s)
    options_compat_test.go:386: publish checkpoint without overwrite: link /Volumes/SSD/Developer/coimnet/runs/.tmp/bio-ownership-20261010/go-tmp/TestEpisodeCheckpointOmitsAnAbsentReplayPart2157565092/001/.no-replay.json.tmp-2226736216 /Volumes/SSD/Developer/coimnet/runs/.tmp/bio-ownership-20261010/go-tmp/TestEpisodeCheckpointOmitsAnAbsentReplayPart2157565092/001/no-replay.json: operation not supported
--- FAIL: TestEpisodeCheckpointCarriesTheReplayPart (0.77s)
    options_compat_test.go:418: publish checkpoint without overwrite: link /Volumes/SSD/Developer/coimnet/runs/.tmp/bio-ownership-20261010/go-tmp/TestEpisodeCheckpointCarriesTheReplayPart72621517/001/.replay.json.tmp-1749114381 /Volumes/SSD/Developer/coimnet/runs/.tmp/bio-ownership-20261010/go-tmp/TestEpisodeCheckpointCarriesTheReplayPart72621517/001/replay.json: operation not supported
--- FAIL: TestEpisodeCheckpointRejectsMalformedReplayParts (0.74s)
    options_compat_test.go:467: publish checkpoint without overwrite: link /Volumes/SSD/Developer/coimnet/runs/.tmp/bio-ownership-20261010/go-tmp/TestEpisodeCheckpointRejectsMalformedReplayParts2086311957/001/.replay.json.tmp-3751076580 /Volumes/SSD/Developer/coimnet/runs/.tmp/bio-ownership-20261010/go-tmp/TestEpisodeCheckpointRejectsMalformedReplayParts2086311957/001/replay.json: operation not supported
--- FAIL: TestModelPackageCarriesCapacity (1.37s)
    package_capacity_test.go:68: publish checkpoint without overwrite: link /Volumes/SSD/Developer/coimnet/runs/.tmp/bio-ownership-20261010/go-tmp/TestModelPackageCarriesCapacity3052249080/001/.vector.coimpkg.tmp-2350712996 /Volumes/SSD/Developer/coimnet/runs/.tmp/bio-ownership-20261010/go-tmp/TestModelPackageCarriesCapacity3052249080/001/vector.coimpkg: operation not supported
--- FAIL: TestModelPackageCapacityValidationRejectsCorruptedOutputs (8.35s)
    --- FAIL: TestModelPackageCapacityValidationRejectsCorruptedOutputs/continuous (1.74s)
        package_capacity_validation_test.go:170: publish bundle manifest: publish checkpoint without overwrite: link /Volumes/SSD/Developer/coimnet/runs/.tmp/bio-ownership-20261010/go-tmp/TestModelPackageCapacityValidationRejectsCorruptedOutputscontin1502450062/001/control-bundle/.manifest.json.tmp-868332837 /Volumes/SSD/Developer/coimnet/runs/.tmp/bio-ownership-20261010/go-tmp/TestModelPackageCapacityValidationRejectsCorruptedOutputscontin1502450062/001/control-bundle/manifest.json: operation not supported
    --- FAIL: TestModelPackageCapacityValidationRejectsCorruptedOutputs/lif (3.85s)
        package_capacity_validation_test.go:170: publish bundle manifest: publish checkpoint without overwrite: link /Volumes/SSD/Developer/coimnet/runs/.tmp/bio-ownership-20261010/go-tmp/TestModelPackageCapacityValidationRejectsCorruptedOutputslif3513551251/001/control-bundle/.manifest.json.tmp-2538838302 /Volumes/SSD/Developer/coimnet/runs/.tmp/bio-ownership-20261010/go-tmp/TestModelPackageCapacityValidationRejectsCorruptedOutputslif3513551251/001/control-bundle/manifest.json: operation not supported
    --- FAIL: TestModelPackageCapacityValidationRejectsCorruptedOutputs/vector (2.77s)
        package_capacity_validation_test.go:170: publish bundle manifest: publish checkpoint without overwrite: link /Volumes/SSD/Developer/coimnet/runs/.tmp/bio-ownership-20261010/go-tmp/TestModelPackageCapacityValidationRejectsCorruptedOutputsvector3253921005/001/control-bundle/.manifest.json.tmp-320550184 /Volumes/SSD/Developer/coimnet/runs/.tmp/bio-ownership-20261010/go-tmp/TestModelPackageCapacityValidationRejectsCorruptedOutputsvector3253921005/001/control-bundle/manifest.json: operation not supported
--- FAIL: TestModelPackageCapacityValidationKeepsValidReportsExact (4.80s)
    --- FAIL: TestModelPackageCapacityValidationKeepsValidReportsExact/continuous (3.05s)
        package_capacity_validation_test.go:246: publish checkpoint without overwrite: link /Volumes/SSD/Developer/coimnet/runs/.tmp/bio-ownership-20261010/go-tmp/TestModelPackageCapacityValidationKeepsValidReportsExactcontinu2080163029/001/.model.json.tmp-126529739 /Volumes/SSD/Developer/coimnet/runs/.tmp/bio-ownership-20261010/go-tmp/TestModelPackageCapacityValidationKeepsValidReportsExactcontinu2080163029/001/model.json: operation not supported
    --- FAIL: TestModelPackageCapacityValidationKeepsValidReportsExact/lif (0.91s)
        package_capacity_validation_test.go:246: publish checkpoint without overwrite: link /Volumes/SSD/Developer/coimnet/runs/.tmp/bio-ownership-20261010/go-tmp/TestModelPackageCapacityValidationKeepsValidReportsExactlif4214736442/001/.model.json.tmp-2253432062 /Volumes/SSD/Developer/coimnet/runs/.tmp/bio-ownership-20261010/go-tmp/TestModelPackageCapacityValidationKeepsValidReportsExactlif4214736442/001/model.json: operation not supported
    --- FAIL: TestModelPackageCapacityValidationKeepsValidReportsExact/vector (0.84s)
        package_capacity_validation_test.go:246: publish checkpoint without overwrite: link /Volumes/SSD/Developer/coimnet/runs/.tmp/bio-ownership-20261010/go-tmp/TestModelPackageCapacityValidationKeepsValidReportsExactvector1013138056/001/.model.json.tmp-1090655282 /Volumes/SSD/Developer/coimnet/runs/.tmp/bio-ownership-20261010/go-tmp/TestModelPackageCapacityValidationKeepsValidReportsExactvector1013138056/001/model.json: operation not supported
--- FAIL: TestModelPackageCapacityValidationKeepsNilCapacity (1.34s)
    package_capacity_validation_test.go:328: publish checkpoint without overwrite: link /Volumes/SSD/Developer/coimnet/runs/.tmp/bio-ownership-20261010/go-tmp/TestModelPackageCapacityValidationKeepsNilCapacity2748338091/001/.legacy.json.tmp-2385552234 /Volumes/SSD/Developer/coimnet/runs/.tmp/bio-ownership-20261010/go-tmp/TestModelPackageCapacityValidationKeepsNilCapacity2748338091/001/legacy.json: operation not supported
--- FAIL: TestModelPackageRoundTripAndByteIdenticalSave (2.26s)
    --- FAIL: TestModelPackageRoundTripAndByteIdenticalSave/continuous (1.34s)
        package_test.go:155: publish checkpoint without overwrite: link /Volumes/SSD/Developer/coimnet/runs/.tmp/bio-ownership-20261010/go-tmp/TestModelPackageRoundTripAndByteIdenticalSavecontinuous2153496100/001/.model.json.tmp-1355334312 /Volumes/SSD/Developer/coimnet/runs/.tmp/bio-ownership-20261010/go-tmp/TestModelPackageRoundTripAndByteIdenticalSavecontinuous2153496100/001/model.json: operation not supported
    --- FAIL: TestModelPackageRoundTripAndByteIdenticalSave/lif (0.92s)
        package_test.go:155: publish checkpoint without overwrite: link /Volumes/SSD/Developer/coimnet/runs/.tmp/bio-ownership-20261010/go-tmp/TestModelPackageRoundTripAndByteIdenticalSavelif1071516103/001/.model.json.tmp-110656875 /Volumes/SSD/Developer/coimnet/runs/.tmp/bio-ownership-20261010/go-tmp/TestModelPackageRoundTripAndByteIdenticalSavelif1071516103/001/model.json: operation not supported
--- FAIL: TestSaveModelPackageCancellationNoOverwriteAndInvalidInput (2.39s)
    package_test.go:340: publish checkpoint without overwrite: link /Volumes/SSD/Developer/coimnet/runs/.tmp/bio-ownership-20261010/go-tmp/TestSaveModelPackageCancellationNoOverwriteAndInvalidInput105845753/001/.model.json.tmp-2698745315 /Volumes/SSD/Developer/coimnet/runs/.tmp/bio-ownership-20261010/go-tmp/TestSaveModelPackageCancellationNoOverwriteAndInvalidInput105845753/001/model.json: operation not supported
--- FAIL: TestArtefactKindsRefuseEachOther (1.26s)
    package_test.go:423: publish checkpoint without overwrite: link /Volumes/SSD/Developer/coimnet/runs/.tmp/bio-ownership-20261010/go-tmp/TestArtefactKindsRefuseEachOther1033447401/001/.model.json.tmp-3100599014 /Volumes/SSD/Developer/coimnet/runs/.tmp/bio-ownership-20261010/go-tmp/TestArtefactKindsRefuseEachOther1033447401/001/model.json: operation not supported
--- FAIL: TestLIFIndividualFromPackageSubprocessResume (0.95s)
    package_test.go:568: publish checkpoint without overwrite: link /Volumes/SSD/Developer/coimnet/runs/.tmp/bio-ownership-20261010/go-tmp/TestLIFIndividualFromPackageSubprocessResume1024393839/001/.model.json.tmp-2167347534 /Volumes/SSD/Developer/coimnet/runs/.tmp/bio-ownership-20261010/go-tmp/TestLIFIndividualFromPackageSubprocessResume1024393839/001/model.json: operation not supported
--- FAIL: TestSelectedProjectionSubprocessResume (1.26s)
    projection_test.go:55: publish checkpoint without overwrite: link /Volumes/SSD/Developer/coimnet/runs/.tmp/bio-ownership-20261010/go-tmp/TestSelectedProjectionSubprocessResume1337977539/001/.midpoint.json.tmp-1422904084 /Volumes/SSD/Developer/coimnet/runs/.tmp/bio-ownership-20261010/go-tmp/TestSelectedProjectionSubprocessResume1337977539/001/midpoint.json: operation not supported
--- FAIL: TestLoadIndividualAcceptsScalarPointerRuleFields (0.75s)
    required_test.go:30: publish checkpoint without overwrite: link /Volumes/SSD/Developer/coimnet/runs/.tmp/bio-ownership-20261010/go-tmp/TestLoadIndividualAcceptsScalarPointerRuleFields3984184778/001/.receptor-gated.json.tmp-3449748776 /Volumes/SSD/Developer/coimnet/runs/.tmp/bio-ownership-20261010/go-tmp/TestLoadIndividualAcceptsScalarPointerRuleFields3984184778/001/receptor-gated.json: operation not supported
--- FAIL: TestPlasticChemicalIndividualSubprocessResumeMatchesUninterrupted (1.18s)
    individual_full_resume_test.go:64: publish checkpoint without overwrite: link /Volumes/SSD/Developer/coimnet/runs/.tmp/bio-ownership-20261010/go-tmp/TestPlasticChemicalIndividualSubprocessResumeMatchesUninterrupte2792502663/001/.mid.json.tmp-2883753209 /Volumes/SSD/Developer/coimnet/runs/.tmp/bio-ownership-20261010/go-tmp/TestPlasticChemicalIndividualSubprocessResumeMatchesUninterrupte2792502663/001/mid.json: operation not supported
--- FAIL: TestSaveLoadPayloadCanonicalizesBeforeChecksum (0.77s)
    payload_test.go:17: SavePayload: publish checkpoint without overwrite: link /Volumes/SSD/Developer/coimnet/runs/.tmp/bio-ownership-20261010/go-tmp/TestSaveLoadPayloadCanonicalizesBeforeChecksum3379452360/001/.pretty.json.tmp-1634149993 /Volumes/SSD/Developer/coimnet/runs/.tmp/bio-ownership-20261010/go-tmp/TestSaveLoadPayloadCanonicalizesBeforeChecksum3379452360/001/pretty.json: operation not supported
--- FAIL: ExampleSaveIndividual (0.61s)
got:
save: publish checkpoint without overwrite: link /Volumes/SSD/Developer/coimnet/runs/.tmp/bio-ownership-20261010/go-tmp/coimnet-individual-example-2149070602/.individual.json.tmp-2144281675 /Volumes/SSD/Developer/coimnet/runs/.tmp/bio-ownership-20261010/go-tmp/coimnet-individual-example-2149070602/individual.json: operation not supported
want:
2 1 true
FAIL
FAIL	github.com/TimLai666/coimnet/checkpoint	374.290s
?   	github.com/TimLai666/coimnet/cmd/coimnet	[no test files]
ok  	github.com/TimLai666/coimnet/config	73.102s
--- FAIL: TestIndividualLearningPreservesAnatomyStore (5.16s)
    individual_test.go:21: connectome: publish store without overwrite: link /Volumes/SSD/Developer/coimnet/runs/.tmp/bio-ownership-20261010/go-tmp/TestIndividualLearningPreservesAnatomyStore3430037049/003/.before.coimgraph.tmp-869652455 /Volumes/SSD/Developer/coimnet/runs/.tmp/bio-ownership-20261010/go-tmp/TestIndividualLearningPreservesAnatomyStore3430037049/003/before.coimgraph: operation not supported
--- FAIL: TestLoadBoundsJSONBuffersAndRejectsUnknownConverter (5.12s)
    store_limits_test.go:58: connectome: publish store without overwrite: link /Volumes/SSD/Developer/coimnet/runs/.tmp/bio-ownership-20261010/go-tmp/TestLoadBoundsJSONBuffersAndRejectsUnknownConverter3304316666/003/.original.tmp-2173541857 /Volumes/SSD/Developer/coimnet/runs/.tmp/bio-ownership-20261010/go-tmp/TestLoadBoundsJSONBuffersAndRejectsUnknownConverter3304316666/003/original: operation not supported
--- FAIL: TestLoadReceiptHashesValidatedBytesWhenPathChanges (5.78s)
    store_receipt_test.go:33: connectome: publish store without overwrite: link /Volumes/SSD/Developer/coimnet/runs/.tmp/bio-ownership-20261010/go-tmp/TestLoadReceiptHashesValidatedBytesWhenPathChanges3599989591/003/.graph.tmp-3764585850 /Volumes/SSD/Developer/coimnet/runs/.tmp/bio-ownership-20261010/go-tmp/TestLoadReceiptHashesValidatedBytesWhenPathChanges3599989591/003/graph: operation not supported
--- FAIL: TestLoadRejectsRehashedUnknownConverter (7.83s)
    store_receipt_test.go:90: connectome: publish store without overwrite: link /Volumes/SSD/Developer/coimnet/runs/.tmp/bio-ownership-20261010/go-tmp/TestLoadRejectsRehashedUnknownConverter38744953/003/.unknown.tmp-1857062706 /Volumes/SSD/Developer/coimnet/runs/.tmp/bio-ownership-20261010/go-tmp/TestLoadRejectsRehashedUnknownConverter38744953/003/unknown: operation not supported
--- FAIL: TestStoreRoundTripPreservesGraphReportAndBytes (5.67s)
    store_test.go:69: Save: connectome: publish store without overwrite: link /Volumes/SSD/Developer/coimnet/runs/.tmp/bio-ownership-20261010/go-tmp/TestStoreRoundTripPreservesGraphReportAndBytes629977711/003/.graph.coimgraph.tmp-52310233 /Volumes/SSD/Developer/coimnet/runs/.tmp/bio-ownership-20261010/go-tmp/TestStoreRoundTripPreservesGraphReportAndBytes629977711/003/graph.coimgraph: operation not supported
--- FAIL: TestStoreRoundTripAggregatedAndEmptyGraphs (12.20s)
    store_test.go:132: connectome: publish store without overwrite: link /Volumes/SSD/Developer/coimnet/runs/.tmp/bio-ownership-20261010/go-tmp/TestStoreRoundTripAggregatedAndEmptyGraphs2641842546/003/.aggregated.coimgraph.tmp-141022017 /Volumes/SSD/Developer/coimnet/runs/.tmp/bio-ownership-20261010/go-tmp/TestStoreRoundTripAggregatedAndEmptyGraphs2641842546/003/aggregated.coimgraph: operation not supported
--- FAIL: TestSaveRefusesExistingTargetMissingParentAndCancellation (9.53s)
    store_test.go:162: connectome: publish store without overwrite: link /Volumes/SSD/Developer/coimnet/runs/.tmp/bio-ownership-20261010/go-tmp/TestSaveRefusesExistingTargetMissingParentAndCancellation3193084609/003/.graph.coimgraph.tmp-517850936 /Volumes/SSD/Developer/coimnet/runs/.tmp/bio-ownership-20261010/go-tmp/TestSaveRefusesExistingTargetMissingParentAndCancellation3193084609/003/graph.coimgraph: operation not supported
--- FAIL: TestLoadRejectsTamperingTruncationAndLimits (6.34s)
    store_test.go:204: connectome: publish store without overwrite: link /Volumes/SSD/Developer/coimnet/runs/.tmp/bio-ownership-20261010/go-tmp/TestLoadRejectsTamperingTruncationAndLimits79616412/003/.graph.coimgraph.tmp-396879897 /Volumes/SSD/Developer/coimnet/runs/.tmp/bio-ownership-20261010/go-tmp/TestLoadRejectsTamperingTruncationAndLimits79616412/003/graph.coimgraph: operation not supported
--- FAIL: TestLoadRejectsInvalidContentWithValidSectionHashes (4.37s)
    store_test.go:293: connectome: publish store without overwrite: link /Volumes/SSD/Developer/coimnet/runs/.tmp/bio-ownership-20261010/go-tmp/TestLoadRejectsInvalidContentWithValidSectionHashes695765783/003/.swapped.coimgraph.tmp-111354691 /Volumes/SSD/Developer/coimnet/runs/.tmp/bio-ownership-20261010/go-tmp/TestLoadRejectsInvalidContentWithValidSectionHashes695765783/003/swapped.coimgraph: operation not supported
FAIL
FAIL	github.com/TimLai666/coimnet/connectome	286.293s
ok  	github.com/TimLai666/coimnet/connectome/flywire	40.790s
ok  	github.com/TimLai666/coimnet/distill	11.174s
--- FAIL: TestFetchFreshReturnsReceiptAndVerifiesHashes (1.97s)
    download_test.go:59: publish downloaded file without overwrite: link /Volumes/SSD/Developer/coimnet/runs/.tmp/bio-ownership-20261010/go-tmp/TestFetchFreshReturnsReceiptAndVerifiesHashes1139510986/001/source.bin.part /Volumes/SSD/Developer/coimnet/runs/.tmp/bio-ownership-20261010/go-tmp/TestFetchFreshReturnsReceiptAndVerifiesHashes1139510986/001/source.bin: operation not supported
--- FAIL: TestFetchReceiptRecordsReproducibleResponseHeaders (3.27s)
    download_test.go:135: publish downloaded file without overwrite: link /Volumes/SSD/Developer/coimnet/runs/.tmp/bio-ownership-20261010/go-tmp/TestFetchReceiptRecordsReproducibleResponseHeaders1559680290/001/headers.bin.part /Volumes/SSD/Developer/coimnet/runs/.tmp/bio-ownership-20261010/go-tmp/TestFetchReceiptRecordsReproducibleResponseHeaders1559680290/001/headers.bin: operation not supported
--- FAIL: TestFetchAutomaticallyVerifiesProviderCRC32C (23.22s)
    --- FAIL: TestFetchAutomaticallyVerifiesProviderCRC32C/matching (2.12s)
        download_test.go:186: publish downloaded file without overwrite: link /Volumes/SSD/Developer/coimnet/runs/.tmp/bio-ownership-20261010/go-tmp/TestFetchAutomaticallyVerifiesProviderCRC32Cmatching2540094581/001/provider-crc.bin.part /Volumes/SSD/Developer/coimnet/runs/.tmp/bio-ownership-20261010/go-tmp/TestFetchAutomaticallyVerifiesProviderCRC32Cmatching2540094581/001/provider-crc.bin: operation not supported
--- FAIL: TestFetchCancellationRetainsPartialForResume (10.97s)
    download_test.go:275: publish downloaded file without overwrite: link /Volumes/SSD/Developer/coimnet/runs/.tmp/bio-ownership-20261010/go-tmp/TestFetchCancellationRetainsPartialForResume2269219877/001/source.bin.part /Volumes/SSD/Developer/coimnet/runs/.tmp/bio-ownership-20261010/go-tmp/TestFetchCancellationRetainsPartialForResume2269219877/001/source.bin: operation not supported
--- FAIL: TestFetchRetriesTransientInterruption (6.14s)
    download_test.go:316: publish downloaded file without overwrite: link /Volumes/SSD/Developer/coimnet/runs/.tmp/bio-ownership-20261010/go-tmp/TestFetchRetriesTransientInterruption2887775834/001/retry.bin.part /Volumes/SSD/Developer/coimnet/runs/.tmp/bio-ownership-20261010/go-tmp/TestFetchRetriesTransientInterruption2887775834/001/retry.bin: operation not supported
--- FAIL: TestFetchLockOverwriteAndConcurrentRace (2.80s)
    download_test.go:551: concurrent loser error = publish downloaded file without overwrite: link /Volumes/SSD/Developer/coimnet/runs/.tmp/bio-ownership-20261010/go-tmp/TestFetchLockOverwriteAndConcurrentRace1488527501/001/exclusive.bin.part /Volumes/SSD/Developer/coimnet/runs/.tmp/bio-ownership-20261010/go-tmp/TestFetchLockOverwriteAndConcurrentRace1488527501/001/exclusive.bin: operation not supported, want lock error
--- FAIL: TestFetchTruncatesPartLongerThanMetadataAndResumes (1.77s)
    resume_test.go:89: publish downloaded file without overwrite: link /Volumes/SSD/Developer/coimnet/runs/.tmp/bio-ownership-20261010/go-tmp/TestFetchTruncatesPartLongerThanMetadataAndResumes1072044929/001/whole.bin.part /Volumes/SSD/Developer/coimnet/runs/.tmp/bio-ownership-20261010/go-tmp/TestFetchTruncatesPartLongerThanMetadataAndResumes1072044929/001/whole.bin: operation not supported
--- FAIL: TestFetchReclaimsLockOfDeadProcess (4.46s)
    resume_test.go:208: publish downloaded file without overwrite: link /Volumes/SSD/Developer/coimnet/runs/.tmp/bio-ownership-20261010/go-tmp/TestFetchReclaimsLockOfDeadProcess3075068194/001/reclaim.bin.part /Volumes/SSD/Developer/coimnet/runs/.tmp/bio-ownership-20261010/go-tmp/TestFetchReclaimsLockOfDeadProcess3075068194/001/reclaim.bin: operation not supported
--- FAIL: TestFetchCheckpointsMetadataDuringTransfer (4.02s)
    resume_test.go:302: publish downloaded file without overwrite: link /Volumes/SSD/Developer/coimnet/runs/.tmp/bio-ownership-20261010/go-tmp/TestFetchCheckpointsMetadataDuringTransfer3430107718/001/checkpoint.bin.part /Volumes/SSD/Developer/coimnet/runs/.tmp/bio-ownership-20261010/go-tmp/TestFetchCheckpointsMetadataDuringTransfer3430107718/001/checkpoint.bin: operation not supported
FAIL
FAIL	github.com/TimLai666/coimnet/download	157.070s
ok  	github.com/TimLai666/coimnet/dynamics	10.252s
ok  	github.com/TimLai666/coimnet/examples/lifthreshold	6.992s
ok  	github.com/TimLai666/coimnet/examples/multichannel	15.748s
ok  	github.com/TimLai666/coimnet/examples/realasr	23.225s
ok  	github.com/TimLai666/coimnet/examples/realmedia	16.398s
ok  	github.com/TimLai666/coimnet/examples/realnav	68.678s
ok  	github.com/TimLai666/coimnet/examples/realnavmemory	28.911s
ok  	github.com/TimLai666/coimnet/examples/realocr	35.706s
--- FAIL: TestRunFixtureIsDeterministicAndReadOnly (7.41s)
    main_test.go:103: connectome: publish store without overwrite: link /Volumes/SSD/Developer/coimnet/runs/.tmp/bio-ownership-20261010/go-tmp/TestRunFixtureIsDeterministicAndReadOnly1346512245/001/.graph.coimgraph.tmp-1989543908 /Volumes/SSD/Developer/coimnet/runs/.tmp/bio-ownership-20261010/go-tmp/TestRunFixtureIsDeterministicAndReadOnly1346512245/001/graph.coimgraph: operation not supported
--- FAIL: TestRunRejectsUnsafeGraphContent (19.03s)
    --- FAIL: TestRunRejectsUnsafeGraphContent/duplicate_pair (6.42s)
        main_test.go:203: connectome: publish store without overwrite: link /Volumes/SSD/Developer/coimnet/runs/.tmp/bio-ownership-20261010/go-tmp/TestRunRejectsUnsafeGraphContentduplicate_pair3487335411/001/.graph.coimgraph.tmp-2160404522 /Volumes/SSD/Developer/coimnet/runs/.tmp/bio-ownership-20261010/go-tmp/TestRunRejectsUnsafeGraphContentduplicate_pair3487335411/001/graph.coimgraph: operation not supported
    --- FAIL: TestRunRejectsUnsafeGraphContent/null_weight (6.50s)
        main_test.go:203: connectome: publish store without overwrite: link /Volumes/SSD/Developer/coimnet/runs/.tmp/bio-ownership-20261010/go-tmp/TestRunRejectsUnsafeGraphContentnull_weight3948242434/001/.graph.coimgraph.tmp-584922714 /Volumes/SSD/Developer/coimnet/runs/.tmp/bio-ownership-20261010/go-tmp/TestRunRejectsUnsafeGraphContentnull_weight3948242434/001/graph.coimgraph: operation not supported
    --- FAIL: TestRunRejectsUnsafeGraphContent/negative_weight (6.11s)
        main_test.go:203: connectome: publish store without overwrite: link /Volumes/SSD/Developer/coimnet/runs/.tmp/bio-ownership-20261010/go-tmp/TestRunRejectsUnsafeGraphContentnegative_weight3785582580/001/.graph.coimgraph.tmp-1967348421 /Volumes/SSD/Developer/coimnet/runs/.tmp/bio-ownership-20261010/go-tmp/TestRunRejectsUnsafeGraphContentnegative_weight3785582580/001/graph.coimgraph: operation not supported
--- FAIL: TestRunPropagatesOutputFailure (6.33s)
    main_test.go:227: connectome: publish store without overwrite: link /Volumes/SSD/Developer/coimnet/runs/.tmp/bio-ownership-20261010/go-tmp/TestRunPropagatesOutputFailure2542475630/001/.graph.coimgraph.tmp-3842696589 /Volumes/SSD/Developer/coimnet/runs/.tmp/bio-ownership-20261010/go-tmp/TestRunPropagatesOutputFailure2542475630/001/graph.coimgraph: operation not supported
--- FAIL: TestRunRejectsWrongStoreOrSelection (7.94s)
    validation_test.go:15: connectome: publish store without overwrite: link /Volumes/SSD/Developer/coimnet/runs/.tmp/bio-ownership-20261010/go-tmp/TestRunRejectsWrongStoreOrSelection2234908858/001/.graph.coimgraph.tmp-3698713796 /Volumes/SSD/Developer/coimnet/runs/.tmp/bio-ownership-20261010/go-tmp/TestRunRejectsWrongStoreOrSelection2234908858/001/graph.coimgraph: operation not supported
--- FAIL: TestRunRejectsImpostorRealProfile (12.13s)
    --- FAIL: TestRunRejectsImpostorRealProfile/impostor-v0 (7.86s)
        validation_test.go:47: connectome: publish store without overwrite: link /Volumes/SSD/Developer/coimnet/runs/.tmp/bio-ownership-20261010/go-tmp/TestRunRejectsImpostorRealProfileimpostor-v02336773860/001/.graph.coimgraph.tmp-2781537660 /Volumes/SSD/Developer/coimnet/runs/.tmp/bio-ownership-20261010/go-tmp/TestRunRejectsImpostorRealProfileimpostor-v02336773860/001/graph.coimgraph: operation not supported
    --- FAIL: TestRunRejectsImpostorRealProfile/v1.0 (4.26s)
        validation_test.go:47: connectome: publish store without overwrite: link /Volumes/SSD/Developer/coimnet/runs/.tmp/bio-ownership-20261010/go-tmp/TestRunRejectsImpostorRealProfilev1.01448198893/001/.graph.coimgraph.tmp-3586767504 /Volumes/SSD/Developer/coimnet/runs/.tmp/bio-ownership-20261010/go-tmp/TestRunRejectsImpostorRealProfilev1.01448198893/001/graph.coimgraph: operation not supported
--- FAIL: TestRunRejectsSubgraphWithoutInternalEdges (3.53s)
    validation_test.go:67: connectome: publish store without overwrite: link /Volumes/SSD/Developer/coimnet/runs/.tmp/bio-ownership-20261010/go-tmp/TestRunRejectsSubgraphWithoutInternalEdges592936865/001/.graph.coimgraph.tmp-1921509226 /Volumes/SSD/Developer/coimnet/runs/.tmp/bio-ownership-20261010/go-tmp/TestRunRejectsSubgraphWithoutInternalEdges592936865/001/graph.coimgraph: operation not supported
FAIL
FAIL	github.com/TimLai666/coimnet/examples/realsubgraph	70.518s
ok  	github.com/TimLai666/coimnet/examples/realtext	16.610s
ok  	github.com/TimLai666/coimnet/experiment	42.652s
--- FAIL: TestResumeMatchesAndDetectsTampering (1.21s)
    resume_test.go:26: publish bundle manifest: publish checkpoint without overwrite: link /Volumes/SSD/Developer/coimnet/runs/.tmp/bio-ownership-20261010/go-tmp/TestResumeMatchesAndDetectsTampering2076799592/001/model.coimbundle/.manifest.json.tmp-2392175611 /Volumes/SSD/Developer/coimnet/runs/.tmp/bio-ownership-20261010/go-tmp/TestResumeMatchesAndDetectsTampering2076799592/001/model.coimbundle/manifest.json: operation not supported
--- FAIL: TestMechanismsShowPlasticityAndChemistryActed (2.32s)
    run_test.go:109: publish bundle manifest: publish checkpoint without overwrite: link /Volumes/SSD/Developer/coimnet/runs/.tmp/bio-ownership-20261010/go-tmp/TestMechanismsShowPlasticityAndChemistryActed2924723268/001/model.coimbundle/.manifest.json.tmp-3626184212 /Volumes/SSD/Developer/coimnet/runs/.tmp/bio-ownership-20261010/go-tmp/TestMechanismsShowPlasticityAndChemistryActed2924723268/001/model.coimbundle/manifest.json: operation not supported
--- FAIL: TestShortTrainingUpdatesEveryGroupAndSaves (1.42s)
    train_test.go:61: publish bundle manifest: publish checkpoint without overwrite: link /Volumes/SSD/Developer/coimnet/runs/.tmp/bio-ownership-20261010/go-tmp/TestShortTrainingUpdatesEveryGroupAndSaves1806191393/001/model.coimbundle/.manifest.json.tmp-1093759559 /Volumes/SSD/Developer/coimnet/runs/.tmp/bio-ownership-20261010/go-tmp/TestShortTrainingUpdatesEveryGroupAndSaves1806191393/001/model.coimbundle/manifest.json: operation not supported
--- FAIL: TestSaveArtifactsWritesBundles (1.28s)
    train_test.go:145: publish bundle manifest: publish checkpoint without overwrite: link /Volumes/SSD/Developer/coimnet/runs/.tmp/bio-ownership-20261010/go-tmp/TestSaveArtifactsWritesBundles4045425091/001/model.coimbundle/.manifest.json.tmp-2991568451 /Volumes/SSD/Developer/coimnet/runs/.tmp/bio-ownership-20261010/go-tmp/TestSaveArtifactsWritesBundles4045425091/001/model.coimbundle/manifest.json: operation not supported
--- FAIL: TestShortTrainingChunksMatchOneCall (1.13s)
    train_test.go:247: publish bundle manifest: publish checkpoint without overwrite: link /Volumes/SSD/Developer/coimnet/runs/.tmp/bio-ownership-20261010/go-tmp/TestShortTrainingChunksMatchOneCall1918791440/001/model.coimbundle/.manifest.json.tmp-3732285514 /Volumes/SSD/Developer/coimnet/runs/.tmp/bio-ownership-20261010/go-tmp/TestShortTrainingChunksMatchOneCall1918791440/001/model.coimbundle/manifest.json: operation not supported
--- FAIL: TestShortTrainingResumesInANewProcess (2.99s)
    train_test.go:285: publish bundle manifest: publish checkpoint without overwrite: link /Volumes/SSD/Developer/coimnet/runs/.tmp/bio-ownership-20261010/go-tmp/TestShortTrainingResumesInANewProcess3288876276/001/model.coimbundle/.manifest.json.tmp-3951496132 /Volumes/SSD/Developer/coimnet/runs/.tmp/bio-ownership-20261010/go-tmp/TestShortTrainingResumesInANewProcess3288876276/001/model.coimbundle/manifest.json: operation not supported
--- FAIL: TestShortTrainingRejects (4.06s)
    --- FAIL: TestShortTrainingRejects/existing_artifact_refused (1.21s)
        train_test.go:423: publish bundle manifest: publish checkpoint without overwrite: link /Volumes/SSD/Developer/coimnet/runs/.tmp/bio-ownership-20261010/go-tmp/TestShortTrainingRejectsexisting_artifact_refused1794393227/001/model.coimbundle/.manifest.json.tmp-699107235 /Volumes/SSD/Developer/coimnet/runs/.tmp/bio-ownership-20261010/go-tmp/TestShortTrainingRejectsexisting_artifact_refused1794393227/001/model.coimbundle/manifest.json: operation not supported
--- FAIL: TestShortTrainingReachesTheEncoderThroughTheWindow (2.51s)
    train_test.go:482: publish bundle manifest: publish checkpoint without overwrite: link /Volumes/SSD/Developer/coimnet/runs/.tmp/bio-ownership-20261010/go-tmp/TestShortTrainingReachesTheEncoderThroughTheWindow1869132506/001/model.coimbundle/.manifest.json.tmp-1112230814 /Volumes/SSD/Developer/coimnet/runs/.tmp/bio-ownership-20261010/go-tmp/TestShortTrainingReachesTheEncoderThroughTheWindow1869132506/001/model.coimbundle/manifest.json: operation not supported
FAIL
FAIL	github.com/TimLai666/coimnet/experiment/fullgraph	31.232s
ok  	github.com/TimLai666/coimnet/experiment/gridnav	4.501s
ok  	github.com/TimLai666/coimnet/experiment/multimodaleval	32.866s
ok  	github.com/TimLai666/coimnet/experiment/nav2d	5.853s
ok  	github.com/TimLai666/coimnet/experiment/studenteval	10.905s
ok  	github.com/TimLai666/coimnet/feather	30.471s
--- FAIL: TestBenchmarkWritesReport (1.79s)
    benchmark_test.go:20: benchmark: benchmark stage "snapshot" repetition 1: publish checkpoint without overwrite: link /Volumes/SSD/Developer/coimnet/runs/.tmp/bio-ownership-20261010/go-tmp/TestBenchmarkWritesReport592742490/001/.b.json.snapshot.tmp.json.tmp-3089503643 /Volumes/SSD/Developer/coimnet/runs/.tmp/bio-ownership-20261010/go-tmp/TestBenchmarkWritesReport592742490/001/b.json.snapshot.tmp.json: operation not supported 
--- FAIL: TestBenchmarkStoreMode (5.41s)
    benchmark_test.go:165: data import: connectome: publish store without overwrite: link /Volumes/SSD/Developer/coimnet/runs/.tmp/bio-ownership-20261010/go-tmp/TestBenchmarkStoreMode4086072906/001/.graph.coimgraph.tmp-1682195667 /Volumes/SSD/Developer/coimnet/runs/.tmp/bio-ownership-20261010/go-tmp/TestBenchmarkStoreMode4086072906/001/graph.coimgraph: operation not supported; stderr=
--- FAIL: TestBenchmarkStoreModeRejects (12.24s)
    benchmark_test.go:245: data import: connectome: publish store without overwrite: link /Volumes/SSD/Developer/coimnet/runs/.tmp/bio-ownership-20261010/go-tmp/TestBenchmarkStoreModeRejects2003225516/001/.graph.coimgraph.tmp-380297699 /Volumes/SSD/Developer/coimnet/runs/.tmp/bio-ownership-20261010/go-tmp/TestBenchmarkStoreModeRejects2003225516/001/graph.coimgraph: operation not supported; stderr=
--- FAIL: TestBenchmarkDefaultRowsPerCall (4.20s)
    benchmark_test.go:346: benchmark: benchmark stage "snapshot" repetition 1: publish checkpoint without overwrite: link /Volumes/SSD/Developer/coimnet/runs/.tmp/bio-ownership-20261010/go-tmp/TestBenchmarkDefaultRowsPerCall711801571/001/.default.json.snapshot.tmp.json.tmp-2267998631 /Volumes/SSD/Developer/coimnet/runs/.tmp/bio-ownership-20261010/go-tmp/TestBenchmarkDefaultRowsPerCall711801571/001/default.json.snapshot.tmp.json: operation not supported; stderr=
--- FAIL: TestBenchmarkSplitsIndividualCalls (3.99s)
    benchmark_test.go:371: benchmark: benchmark stage "snapshot" repetition 1: publish checkpoint without overwrite: link /Volumes/SSD/Developer/coimnet/runs/.tmp/bio-ownership-20261010/go-tmp/TestBenchmarkSplitsIndividualCalls956264266/001/.large.json.snapshot.tmp.json.tmp-3558492202 /Volumes/SSD/Developer/coimnet/runs/.tmp/bio-ownership-20261010/go-tmp/TestBenchmarkSplitsIndividualCalls956264266/001/large.json.snapshot.tmp.json: operation not supported; stderr=
--- FAIL: TestBenchmarkSnapshotStageLeavesNoTempFile (2.05s)
    benchmark_test.go:414: benchmark: benchmark stage "snapshot" repetition 1: publish checkpoint without overwrite: link /Volumes/SSD/Developer/coimnet/runs/.tmp/bio-ownership-20261010/go-tmp/TestBenchmarkSnapshotStageLeavesNoTempFile4111782256/001/.b.json.snapshot.tmp.json.tmp-1144090674 /Volumes/SSD/Developer/coimnet/runs/.tmp/bio-ownership-20261010/go-tmp/TestBenchmarkSnapshotStageLeavesNoTempFile4111782256/001/b.json.snapshot.tmp.json: operation not supported 
--- FAIL: TestCheckpointMigrateCLIWritesMigratedFileAndPrintsReport (0.88s)
    checkpoint_test.go:62: SaveIndividual: publish checkpoint without overwrite: link /Volumes/SSD/Developer/coimnet/runs/.tmp/bio-ownership-20261010/go-tmp/TestCheckpointMigrateCLIWritesMigratedFileAndPrintsReport4173951973/001/.source.json.tmp-2204101531 /Volumes/SSD/Developer/coimnet/runs/.tmp/bio-ownership-20261010/go-tmp/TestCheckpointMigrateCLIWritesMigratedFileAndPrintsReport4173951973/001/source.json: operation not supported
--- FAIL: TestCheckpointMigrateCLIUpgradesPreUnionIndividual (1.82s)
    checkpoint_test.go:108: publish checkpoint without overwrite: link /Volumes/SSD/Developer/coimnet/runs/.tmp/bio-ownership-20261010/go-tmp/TestCheckpointMigrateCLIUpgradesPreUnionIndividual1452219818/001/.saved.json.tmp-3070402671 /Volumes/SSD/Developer/coimnet/runs/.tmp/bio-ownership-20261010/go-tmp/TestCheckpointMigrateCLIUpgradesPreUnionIndividual1452219818/001/saved.json: operation not supported
--- FAIL: TestCheckpointMigrateCLIRefusesExistingTarget (1.27s)
    checkpoint_test.go:168: publish checkpoint without overwrite: link /Volumes/SSD/Developer/coimnet/runs/.tmp/bio-ownership-20261010/go-tmp/TestCheckpointMigrateCLIRefusesExistingTarget2574210631/001/.source.json.tmp-3296813549 /Volumes/SSD/Developer/coimnet/runs/.tmp/bio-ownership-20261010/go-tmp/TestCheckpointMigrateCLIRefusesExistingTarget2574210631/001/source.json: operation not supported
--- FAIL: TestCheckpointMigrateCLIRefusesSamePath (1.22s)
    checkpoint_test.go:198: publish checkpoint without overwrite: link /Volumes/SSD/Developer/coimnet/runs/.tmp/bio-ownership-20261010/go-tmp/TestCheckpointMigrateCLIRefusesSamePath2476746554/001/.source.json.tmp-3856890297 /Volumes/SSD/Developer/coimnet/runs/.tmp/bio-ownership-20261010/go-tmp/TestCheckpointMigrateCLIRefusesSamePath2476746554/001/source.json: operation not supported
--- FAIL: TestRunDryRunReportsAnEstimateAndPassesEveryCheck (1.23s)
    config_run_test.go:148: SaveModelPackage() error = publish checkpoint without overwrite: link /Volumes/SSD/Developer/coimnet/runs/.tmp/bio-ownership-20261010/go-tmp/TestRunDryRunReportsAnEstimateAndPassesEveryCheck3327647020/001/.tiny.coimpkg.tmp-1289734549 /Volumes/SSD/Developer/coimnet/runs/.tmp/bio-ownership-20261010/go-tmp/TestRunDryRunReportsAnEstimateAndPassesEveryCheck3327647020/001/tiny.coimpkg: operation not supported
--- FAIL: TestRunDryRunNeverCallsTheTeacher (1.22s)
    config_run_test.go:218: SaveModelPackage() error = publish checkpoint without overwrite: link /Volumes/SSD/Developer/coimnet/runs/.tmp/bio-ownership-20261010/go-tmp/TestRunDryRunNeverCallsTheTeacher1967854632/001/.tiny.coimpkg.tmp-3957829026 /Volumes/SSD/Developer/coimnet/runs/.tmp/bio-ownership-20261010/go-tmp/TestRunDryRunNeverCallsTheTeacher1967854632/001/tiny.coimpkg: operation not supported
--- FAIL: TestRunDryRunRefusesWhenTheEstimateExceedsTheLimit (0.93s)
    config_run_test.go:242: SaveModelPackage() error = publish checkpoint without overwrite: link /Volumes/SSD/Developer/coimnet/runs/.tmp/bio-ownership-20261010/go-tmp/TestRunDryRunRefusesWhenTheEstimateExceedsTheLimit3413610670/001/.tiny.coimpkg.tmp-4241494589 /Volumes/SSD/Developer/coimnet/runs/.tmp/bio-ownership-20261010/go-tmp/TestRunDryRunRefusesWhenTheEstimateExceedsTheLimit3413610670/001/tiny.coimpkg: operation not supported
--- FAIL: TestRunDryRunCountsPlasticEdgesFromTheDeclaredRules (1.10s)
    config_run_test.go:287: SaveModelPackage() error = publish checkpoint without overwrite: link /Volumes/SSD/Developer/coimnet/runs/.tmp/bio-ownership-20261010/go-tmp/TestRunDryRunCountsPlasticEdgesFromTheDeclaredRules3164974537/001/.tiny.coimpkg.tmp-3867547338 /Volumes/SSD/Developer/coimnet/runs/.tmp/bio-ownership-20261010/go-tmp/TestRunDryRunCountsPlasticEdgesFromTheDeclaredRules3164974537/001/tiny.coimpkg: operation not supported
--- FAIL: TestRunRejectsUsageErrorsWithStatusOne (2.33s)
    config_run_test.go:341: SaveModelPackage() error = publish checkpoint without overwrite: link /Volumes/SSD/Developer/coimnet/runs/.tmp/bio-ownership-20261010/go-tmp/TestRunRejectsUsageErrorsWithStatusOne3269542915/001/.tiny.coimpkg.tmp-3196592870 /Volumes/SSD/Developer/coimnet/runs/.tmp/bio-ownership-20261010/go-tmp/TestRunRejectsUsageErrorsWithStatusOne3269542915/001/tiny.coimpkg: operation not supported
--- FAIL: TestRunWithoutDryRunSaysWhichStageImplementsIt (1.14s)
    config_run_test.go:363: SaveModelPackage() error = publish checkpoint without overwrite: link /Volumes/SSD/Developer/coimnet/runs/.tmp/bio-ownership-20261010/go-tmp/TestRunWithoutDryRunSaysWhichStageImplementsIt3708771505/001/.tiny.coimpkg.tmp-2456151681 /Volumes/SSD/Developer/coimnet/runs/.tmp/bio-ownership-20261010/go-tmp/TestRunWithoutDryRunSaysWhichStageImplementsIt3708771505/001/tiny.coimpkg: operation not supported
--- FAIL: TestRunOverridesAreAppliedAndRecorded (1.03s)
    config_run_test.go:375: SaveModelPackage() error = publish checkpoint without overwrite: link /Volumes/SSD/Developer/coimnet/runs/.tmp/bio-ownership-20261010/go-tmp/TestRunOverridesAreAppliedAndRecorded1772873500/001/.tiny.coimpkg.tmp-3342030927 /Volumes/SSD/Developer/coimnet/runs/.tmp/bio-ownership-20261010/go-tmp/TestRunOverridesAreAppliedAndRecorded1772873500/001/tiny.coimpkg: operation not supported
--- FAIL: TestDataDownloadRunE2EAndReceipt (3.52s)
    data_test.go:156: data download: publish downloaded file without overwrite: link /Volumes/SSD/Developer/coimnet/runs/.tmp/bio-ownership-20261010/go-tmp/TestDataDownloadRunE2EAndReceipt3665789214/001/source.bin.part /Volumes/SSD/Developer/coimnet/runs/.tmp/bio-ownership-20261010/go-tmp/TestDataDownloadRunE2EAndReceipt3665789214/001/source.bin: operation not supported; stderr=
--- FAIL: TestDataDownloadRejectsOverwriteChecksumAndSize (2.53s)
    data_test.go:184: initial data download: publish downloaded file without overwrite: link /Volumes/SSD/Developer/coimnet/runs/.tmp/bio-ownership-20261010/go-tmp/TestDataDownloadRejectsOverwriteChecksumAndSize1364759858/001/source.bin.part /Volumes/SSD/Developer/coimnet/runs/.tmp/bio-ownership-20261010/go-tmp/TestDataDownloadRejectsOverwriteChecksumAndSize1364759858/001/source.bin: operation not supported; stderr=
--- FAIL: TestDataDownloadReportsPublishedReceiptWriteFailure (2.65s)
    data_test.go:249: error = publish downloaded file without overwrite: link /Volumes/SSD/Developer/coimnet/runs/.tmp/bio-ownership-20261010/go-tmp/TestDataDownloadReportsPublishedReceiptWriteFailure2990120543/001/source.bin.part /Volumes/SSD/Developer/coimnet/runs/.tmp/bio-ownership-20261010/go-tmp/TestDataDownloadReportsPublishedReceiptWriteFailure2990120543/001/source.bin: operation not supported, want published receipt-write context and writer error
--- FAIL: TestDataDeriveWritesAParameterSetAndReport (4.93s)
    derive_test.go:162: data import: connectome: publish store without overwrite: link /Volumes/SSD/Developer/coimnet/runs/.tmp/bio-ownership-20261010/go-tmp/TestDataDeriveWritesAParameterSetAndReport1928578435/001/.graph.coimgraph.tmp-4039414857 /Volumes/SSD/Developer/coimnet/runs/.tmp/bio-ownership-20261010/go-tmp/TestDataDeriveWritesAParameterSetAndReport1928578435/001/graph.coimgraph: operation not supported; stderr=
--- FAIL: TestDataDeriveAndValidateFailuresAndHelp (7.92s)
    derive_test.go:237: data import: connectome: publish store without overwrite: link /Volumes/SSD/Developer/coimnet/runs/.tmp/bio-ownership-20261010/go-tmp/TestDataDeriveAndValidateFailuresAndHelp1124981119/001/.graph.coimgraph.tmp-3433509428 /Volumes/SSD/Developer/coimnet/runs/.tmp/bio-ownership-20261010/go-tmp/TestDataDeriveAndValidateFailuresAndHelp1124981119/001/graph.coimgraph: operation not supported; stderr=
--- FAIL: TestExportModelPackageToMarkdown (1.38s)
    export_report_test.go:60: SaveModelPackage: publish checkpoint without overwrite: link /Volumes/SSD/Developer/coimnet/runs/.tmp/bio-ownership-20261010/go-tmp/TestExportModelPackageToMarkdown1437248185/001/.model.coimpkg.tmp-1103391522 /Volumes/SSD/Developer/coimnet/runs/.tmp/bio-ownership-20261010/go-tmp/TestExportModelPackageToMarkdown1437248185/001/model.coimpkg: operation not supported
--- FAIL: TestExamplesRunFullGraphEndToEnd (7.76s)
    fullgraph_test.go:23: data import: connectome: publish store without overwrite: link /Volumes/SSD/Developer/coimnet/runs/.tmp/bio-ownership-20261010/go-tmp/TestExamplesRunFullGraphEndToEnd1719631453/001/.graph.coimgraph.tmp-2547936151 /Volumes/SSD/Developer/coimnet/runs/.tmp/bio-ownership-20261010/go-tmp/TestExamplesRunFullGraphEndToEnd1719631453/001/graph.coimgraph: operation not supported; stderr=
--- FAIL: TestExamplesRunFullGraphRejects (5.01s)
    fullgraph_test.go:115: data import: connectome: publish store without overwrite: link /Volumes/SSD/Developer/coimnet/runs/.tmp/bio-ownership-20261010/go-tmp/TestExamplesRunFullGraphRejects3825406887/001/.graph.coimgraph.tmp-1536001792 /Volumes/SSD/Developer/coimnet/runs/.tmp/bio-ownership-20261010/go-tmp/TestExamplesRunFullGraphRejects3825406887/001/graph.coimgraph: operation not supported; stderr=
--- FAIL: TestDataImportStoreAndValidateRoundTrip (7.58s)
    import_test.go:210: data import --out-store: connectome: publish store without overwrite: link /Volumes/SSD/Developer/coimnet/runs/.tmp/bio-ownership-20261010/go-tmp/TestDataImportStoreAndValidateRoundTrip1575748469/001/.graph.coimgraph.tmp-397024910 /Volumes/SSD/Developer/coimnet/runs/.tmp/bio-ownership-20261010/go-tmp/TestDataImportStoreAndValidateRoundTrip1575748469/001/graph.coimgraph: operation not supported; stderr=
--- FAIL: TestModelInspectIndividual (1.67s)
    model_test.go:87: SaveIndividual: publish checkpoint without overwrite: link /Volumes/SSD/Developer/coimnet/runs/.tmp/bio-ownership-20261010/go-tmp/TestModelInspectIndividual2690171653/001/.individual.json.tmp-3704375758 /Volumes/SSD/Developer/coimnet/runs/.tmp/bio-ownership-20261010/go-tmp/TestModelInspectIndividual2690171653/001/individual.json: operation not supported
--- FAIL: TestModelInspectPackage (1.71s)
    model_test.go:144: SaveModelPackage: publish checkpoint without overwrite: link /Volumes/SSD/Developer/coimnet/runs/.tmp/bio-ownership-20261010/go-tmp/TestModelInspectPackage3686665322/001/.model.coimpkg.tmp-1716063861 /Volumes/SSD/Developer/coimnet/runs/.tmp/bio-ownership-20261010/go-tmp/TestModelInspectPackage3686665322/001/model.coimpkg: operation not supported
--- FAIL: TestModelValidateAcceptsAndRejects (0.97s)
    model_test.go:199: SaveIndividual: publish checkpoint without overwrite: link /Volumes/SSD/Developer/coimnet/runs/.tmp/bio-ownership-20261010/go-tmp/TestModelValidateAcceptsAndRejects1719357832/001/.valid.json.tmp-1125673444 /Volumes/SSD/Developer/coimnet/runs/.tmp/bio-ownership-20261010/go-tmp/TestModelValidateAcceptsAndRejects1719357832/001/valid.json: operation not supported
--- FAIL: TestSimulateRunReportsTheSpikingCoreOnAStore (4.94s)
    simulate_test.go:164: data import: connectome: publish store without overwrite: link /Volumes/SSD/Developer/coimnet/runs/.tmp/bio-ownership-20261010/go-tmp/TestSimulateRunReportsTheSpikingCoreOnAStore2964794312/001/.graph.coimgraph.tmp-1617065774 /Volumes/SSD/Developer/coimnet/runs/.tmp/bio-ownership-20261010/go-tmp/TestSimulateRunReportsTheSpikingCoreOnAStore2964794312/001/graph.coimgraph: operation not supported; stderr=
--- FAIL: TestSimulateRunReportsTheContinuousCore (11.79s)
    simulate_test.go:206: data import: connectome: publish store without overwrite: link /Volumes/SSD/Developer/coimnet/runs/.tmp/bio-ownership-20261010/go-tmp/TestSimulateRunReportsTheContinuousCore2167363175/001/.graph.coimgraph.tmp-1253150220 /Volumes/SSD/Developer/coimnet/runs/.tmp/bio-ownership-20261010/go-tmp/TestSimulateRunReportsTheContinuousCore2167363175/001/graph.coimgraph: operation not supported; stderr=
--- FAIL: TestSimulateRunSavesAndContinuesState (5.95s)
    simulate_test.go:226: data import: connectome: publish store without overwrite: link /Volumes/SSD/Developer/coimnet/runs/.tmp/bio-ownership-20261010/go-tmp/TestSimulateRunSavesAndContinuesState4184961114/001/.graph.coimgraph.tmp-2007874940 /Volumes/SSD/Developer/coimnet/runs/.tmp/bio-ownership-20261010/go-tmp/TestSimulateRunSavesAndContinuesState4184961114/001/graph.coimgraph: operation not supported; stderr=
--- FAIL: TestSimulateRunResolvesSelectorsAndReportsThem (4.95s)
    simulate_test.go:281: data import: connectome: publish store without overwrite: link /Volumes/SSD/Developer/coimnet/runs/.tmp/bio-ownership-20261010/go-tmp/TestSimulateRunResolvesSelectorsAndReportsThem892904659/001/.graph.coimgraph.tmp-4234471321 /Volumes/SSD/Developer/coimnet/runs/.tmp/bio-ownership-20261010/go-tmp/TestSimulateRunResolvesSelectorsAndReportsThem892904659/001/graph.coimgraph: operation not supported; stderr=
--- FAIL: TestSimulateRunFailuresAndHelp (3.47s)
    simulate_test.go:318: data import: connectome: publish store without overwrite: link /Volumes/SSD/Developer/coimnet/runs/.tmp/bio-ownership-20261010/go-tmp/TestSimulateRunFailuresAndHelp1730057895/001/.graph.coimgraph.tmp-1661714296 /Volumes/SSD/Developer/coimnet/runs/.tmp/bio-ownership-20261010/go-tmp/TestSimulateRunFailuresAndHelp1730057895/001/graph.coimgraph: operation not supported; stderr=
--- FAIL: TestSimulateRunReportsStabilityFlagsWithoutFailing (3.21s)
    simulate_test.go:416: data import: connectome: publish store without overwrite: link /Volumes/SSD/Developer/coimnet/runs/.tmp/bio-ownership-20261010/go-tmp/TestSimulateRunReportsStabilityFlagsWithoutFailing3444910409/001/.graph.coimgraph.tmp-1302661788 /Volumes/SSD/Developer/coimnet/runs/.tmp/bio-ownership-20261010/go-tmp/TestSimulateRunReportsStabilityFlagsWithoutFailing3444910409/001/graph.coimgraph: operation not supported; stderr=
--- FAIL: TestSimulateRunAppliesADerivedParameterSet (3.90s)
    simulate_test.go:469: data import: connectome: publish store without overwrite: link /Volumes/SSD/Developer/coimnet/runs/.tmp/bio-ownership-20261010/go-tmp/TestSimulateRunAppliesADerivedParameterSet2648168761/001/.graph.coimgraph.tmp-2441179265 /Volumes/SSD/Developer/coimnet/runs/.tmp/bio-ownership-20261010/go-tmp/TestSimulateRunAppliesADerivedParameterSet2648168761/001/graph.coimgraph: operation not supported; stderr=
--- FAIL: TestSimulateRunContinuesADerivedRunFromAState (3.98s)
    simulate_test.go:516: data import: connectome: publish store without overwrite: link /Volumes/SSD/Developer/coimnet/runs/.tmp/bio-ownership-20261010/go-tmp/TestSimulateRunContinuesADerivedRunFromAState3666705100/001/.graph.coimgraph.tmp-1429962403 /Volumes/SSD/Developer/coimnet/runs/.tmp/bio-ownership-20261010/go-tmp/TestSimulateRunContinuesADerivedRunFromAState3666705100/001/graph.coimgraph: operation not supported; stderr=
--- FAIL: TestSimulateRunDerivedParameterFailuresAndHelp (5.19s)
    simulate_test.go:542: data import: connectome: publish store without overwrite: link /Volumes/SSD/Developer/coimnet/runs/.tmp/bio-ownership-20261010/go-tmp/TestSimulateRunDerivedParameterFailuresAndHelp2508418440/001/.graph.coimgraph.tmp-2908526106 /Volumes/SSD/Developer/coimnet/runs/.tmp/bio-ownership-20261010/go-tmp/TestSimulateRunDerivedParameterFailuresAndHelp2508418440/001/graph.coimgraph: operation not supported; stderr=
--- FAIL: TestSimulateCompareRunsTheMatrixAndWritesEveryCell (3.11s)
    simulate_test.go:801: data import: connectome: publish store without overwrite: link /Volumes/SSD/Developer/coimnet/runs/.tmp/bio-ownership-20261010/go-tmp/TestSimulateCompareRunsTheMatrixAndWritesEveryCell3882783890/001/.graph.coimgraph.tmp-3316310376 /Volumes/SSD/Developer/coimnet/runs/.tmp/bio-ownership-20261010/go-tmp/TestSimulateCompareRunsTheMatrixAndWritesEveryCell3882783890/001/graph.coimgraph: operation not supported; stderr=
--- FAIL: TestSimulateCompareRunsTheDerivedSource (2.72s)
    simulate_test.go:873: data import: connectome: publish store without overwrite: link /Volumes/SSD/Developer/coimnet/runs/.tmp/bio-ownership-20261010/go-tmp/TestSimulateCompareRunsTheDerivedSource2830100948/001/.graph.coimgraph.tmp-104839235 /Volumes/SSD/Developer/coimnet/runs/.tmp/bio-ownership-20261010/go-tmp/TestSimulateCompareRunsTheDerivedSource2830100948/001/graph.coimgraph: operation not supported; stderr=
--- FAIL: TestSimulateCompareFailuresAndHelp (2.67s)
    simulate_test.go:916: data import: connectome: publish store without overwrite: link /Volumes/SSD/Developer/coimnet/runs/.tmp/bio-ownership-20261010/go-tmp/TestSimulateCompareFailuresAndHelp2465804604/001/.graph.coimgraph.tmp-1626777753 /Volumes/SSD/Developer/coimnet/runs/.tmp/bio-ownership-20261010/go-tmp/TestSimulateCompareFailuresAndHelp2465804604/001/graph.coimgraph: operation not supported; stderr=
--- FAIL: TestSimulateRunAcceptsThePlasticityBlock (2.89s)
    simulate_test.go:1036: data import: connectome: publish store without overwrite: link /Volumes/SSD/Developer/coimnet/runs/.tmp/bio-ownership-20261010/go-tmp/TestSimulateRunAcceptsThePlasticityBlock1195652814/001/.graph.coimgraph.tmp-2419560890 /Volumes/SSD/Developer/coimnet/runs/.tmp/bio-ownership-20261010/go-tmp/TestSimulateRunAcceptsThePlasticityBlock1195652814/001/graph.coimgraph: operation not supported; stderr=
--- FAIL: TestSimulateCompareAcceptsTheLearningVariants (2.59s)
    simulate_test.go:1080: data import: connectome: publish store without overwrite: link /Volumes/SSD/Developer/coimnet/runs/.tmp/bio-ownership-20261010/go-tmp/TestSimulateCompareAcceptsTheLearningVariants2311431085/001/.graph.coimgraph.tmp-708748460 /Volumes/SSD/Developer/coimnet/runs/.tmp/bio-ownership-20261010/go-tmp/TestSimulateCompareAcceptsTheLearningVariants2311431085/001/graph.coimgraph: operation not supported; stderr=
--- FAIL: TestSimulateRunRefusesStateFlagsWithThePlasticityBlock (2.46s)
    simulate_test.go:1153: data import: connectome: publish store without overwrite: link /Volumes/SSD/Developer/coimnet/runs/.tmp/bio-ownership-20261010/go-tmp/TestSimulateRunRefusesStateFlagsWithThePlasticityBlock180376936/001/.graph.coimgraph.tmp-1292675546 /Volumes/SSD/Developer/coimnet/runs/.tmp/bio-ownership-20261010/go-tmp/TestSimulateRunRefusesStateFlagsWithThePlasticityBlock180376936/001/graph.coimgraph: operation not supported; stderr=
--- FAIL: TestTrainResumeAndObservationOnlyPrediction (0.46s)
    train_test.go:28: [train delayed --steps 12 --checkpoint /Volumes/SSD/Developer/coimnet/runs/.tmp/bio-ownership-20261010/go-tmp/TestTrainResumeAndObservationOnlyPrediction48084044/001/first.json]: publish checkpoint without overwrite: link /Volumes/SSD/Developer/coimnet/runs/.tmp/bio-ownership-20261010/go-tmp/TestTrainResumeAndObservationOnlyPrediction48084044/001/.first.json.tmp-2178513678 /Volumes/SSD/Developer/coimnet/runs/.tmp/bio-ownership-20261010/go-tmp/TestTrainResumeAndObservationOnlyPrediction48084044/001/first.json: operation not supported 
FAIL
FAIL	github.com/TimLai666/coimnet/internal/cli	297.704s
ok  	github.com/TimLai666/coimnet/internal/delayedfixture	7.579s
ok  	github.com/TimLai666/coimnet/internal/extsort	69.267s
ok  	github.com/TimLai666/coimnet/internal/fileio	15.639s
ok  	github.com/TimLai666/coimnet/internal/jsonkey	3.995s
ok  	github.com/TimLai666/coimnet/internal/redact	5.018s
ok  	github.com/TimLai666/coimnet/internal/sparse	7.550s
ok  	github.com/TimLai666/coimnet/internal/strictjson	6.173s
ok  	github.com/TimLai666/coimnet/learning	54.171s
--- FAIL: TestStatefulPPOCheckpointNewProcess (1.75s)
    stateful_checkpoint_test.go:85: publish checkpoint without overwrite: link /Volumes/SSD/Developer/coimnet/runs/.tmp/bio-ownership-20261010/go-tmp/TestStatefulPPOCheckpointNewProcess1066144565/001/.before.json.tmp-2291100725 /Volumes/SSD/Developer/coimnet/runs/.tmp/bio-ownership-20261010/go-tmp/TestStatefulPPOCheckpointNewProcess1066144565/001/before.json: operation not supported
FAIL
FAIL	github.com/TimLai666/coimnet/learning/rl	12.021s
ok  	github.com/TimLai666/coimnet/modulation	34.673s
ok  	github.com/TimLai666/coimnet/multimodal	4.027s
ok  	github.com/TimLai666/coimnet/multimodal/synthetic	6.237s
--- FAIL: TestSaveAndLoadRoundTrip (10.82s)
    set_test.go:33: Save: params: publish parameter set without overwrite: link /Volumes/SSD/Developer/coimnet/runs/.tmp/bio-ownership-20261010/go-tmp/TestSaveAndLoadRoundTrip3541601301/001/.params.coimparams.tmp-2848986464 /Volumes/SSD/Developer/coimnet/runs/.tmp/bio-ownership-20261010/go-tmp/TestSaveAndLoadRoundTrip3541601301/001/params.coimparams: operation not supported
--- FAIL: TestSaveIsByteIdenticalAndNeverOverwrites (6.11s)
    set_test.go:73: params: publish parameter set without overwrite: link /Volumes/SSD/Developer/coimnet/runs/.tmp/bio-ownership-20261010/go-tmp/TestSaveIsByteIdenticalAndNeverOverwrites1534058351/001/.a.coimparams.tmp-2377308061 /Volumes/SSD/Developer/coimnet/runs/.tmp/bio-ownership-20261010/go-tmp/TestSaveIsByteIdenticalAndNeverOverwrites1534058351/001/a.coimparams: operation not supported
--- FAIL: TestLoadRejectsEveryTamperedByte (5.33s)
    set_test.go:107: params: publish parameter set without overwrite: link /Volumes/SSD/Developer/coimnet/runs/.tmp/bio-ownership-20261010/go-tmp/TestLoadRejectsEveryTamperedByte2316812412/001/.params.coimparams.tmp-3346518977 /Volumes/SSD/Developer/coimnet/runs/.tmp/bio-ownership-20261010/go-tmp/TestLoadRejectsEveryTamperedByte2316812412/001/params.coimparams: operation not supported
FAIL
FAIL	github.com/TimLai666/coimnet/params	171.570s
ok  	github.com/TimLai666/coimnet/plasticity	5.733s
ok  	github.com/TimLai666/coimnet/replay	3.873s
ok  	github.com/TimLai666/coimnet/resources	4.011s
ok  	github.com/TimLai666/coimnet/signal	6.141s
ok  	github.com/TimLai666/coimnet/simulate	272.714s
--- FAIL: TestStreamFileResumesExactlyAndDoesNotOverwrite (1.10s)
    stream_file_test.go:41: Save: asr: save stream: publish checkpoint without overwrite: link /Volumes/SSD/Developer/coimnet/runs/.tmp/bio-ownership-20261010/go-tmp/TestStreamFileResumesExactlyAndDoesNotOverwrite501288070/001/.stream.json.tmp-1579507158 /Volumes/SSD/Developer/coimnet/runs/.tmp/bio-ownership-20261010/go-tmp/TestStreamFileResumesExactlyAndDoesNotOverwrite501288070/001/stream.json: operation not supported
--- FAIL: TestStreamFileRejectsTamperingEvenWithFreshChecksum (1.00s)
    stream_file_test.go:99: asr: save stream: publish checkpoint without overwrite: link /Volumes/SSD/Developer/coimnet/runs/.tmp/bio-ownership-20261010/go-tmp/TestStreamFileRejectsTamperingEvenWithFreshChecksum1921175106/001/.valid.json.tmp-3287872018 /Volumes/SSD/Developer/coimnet/runs/.tmp/bio-ownership-20261010/go-tmp/TestStreamFileRejectsTamperingEvenWithFreshChecksum1921175106/001/valid.json: operation not supported
--- FAIL: TestStreamFileRejectsWrongSchemaAndChecksum (2.94s)
    stream_file_test.go:224: asr: save stream: publish checkpoint without overwrite: link /Volumes/SSD/Developer/coimnet/runs/.tmp/bio-ownership-20261010/go-tmp/TestStreamFileRejectsWrongSchemaAndChecksum1810823276/001/.good.json.tmp-3936454730 /Volumes/SSD/Developer/coimnet/runs/.tmp/bio-ownership-20261010/go-tmp/TestStreamFileRejectsWrongSchemaAndChecksum1810823276/001/good.json: operation not supported
--- FAIL: TestStreamFileAcrossProcess (0.88s)
    stream_file_test.go:275: asr: save stream: publish checkpoint without overwrite: link /Volumes/SSD/Developer/coimnet/runs/.tmp/bio-ownership-20261010/go-tmp/TestStreamFileAcrossProcess3074121191/001/.stream.json.tmp-911297588 /Volumes/SSD/Developer/coimnet/runs/.tmp/bio-ownership-20261010/go-tmp/TestStreamFileAcrossProcess3074121191/001/stream.json: operation not supported
FAIL
FAIL	github.com/TimLai666/coimnet/tasks/asr	53.306s
ok  	github.com/TimLai666/coimnet/tasks/asr/audio	20.140s
ok  	github.com/TimLai666/coimnet/tasks/media	114.032s
ok  	github.com/TimLai666/coimnet/tasks/media/realdata	12.436s
ok  	github.com/TimLai666/coimnet/tasks/nav2d/trajectory	56.584s
ok  	github.com/TimLai666/coimnet/tasks/ocr	8.101s
ok  	github.com/TimLai666/coimnet/tasks/ocr/ctc	6.481s
ok  	github.com/TimLai666/coimnet/tasks/ocr/glyphs	5.682s
ok  	github.com/TimLai666/coimnet/tasks/textgen	52.512s
ok  	github.com/TimLai666/coimnet/tasks/textgen/tokenizer	13.984s
ok  	github.com/TimLai666/coimnet/teacher	17.395s
ok  	github.com/TimLai666/coimnet/teacher/tool	4.629s
FAIL
